player_id,player_name,height,hand,avg_minutes,avg_aces,avg_df,avg_svpt,avg_first_in,avg_first_won,avg_second_won,avg_sv_gms,avg_bp_saved,avg_bp_faced,Wins,Losses,Matches_Played,Win_Pct,titles_won
100644,Alexander Zverev,198,R,117.14,8.7,3.7,79.1,52.94,39.68,13.21,12.86,3.37,5.4,460,192,652,70.55,23
102093,Martin Damm,203,L,107.0,14.0,2.0,66.33,43.0,33.0,12.67,10.33,2.0,3.33,2,1,3,66.67,
103163,Tommy Haas,188,R,110.22,5.0,4.28,87.5,53.61,37.33,17.89,13.17,5.83,8.5,8,23,31,25.81,
103188,Michael Russell,173,R,172.0,4.0,7.0,153.0,96.0,52.0,24.0,18.0,14.0,23.0,0,1,1,0.0,
103285,Radek Stepanek,185,R,114.55,5.48,3.93,82.24,49.66,35.52,15.69,12.52,4.86,7.62,20,23,43,46.51,
103333,Ivo Karlovic,208,R,112.54,21.29,4.96,88.6,57.66,47.62,16.94,14.49,2.84,3.9,110,108,218,50.46000000000001,3
103401,Jan Hernych,190,R,92.5,5.0,1.5,79.0,50.0,30.5,11.0,12.5,5.5,10.5,2,3,5,40.0,
103565,Stephane Robert,185,R,96.38,4.53,4.85,78.13,39.94,27.64,17.36,11.98,4.91,8.75,17,38,55,30.91,
103582,Michael Berrer,193,L,110.1,5.29,2.43,83.57,56.43,38.86,12.48,12.81,5.67,8.9,10,19,29,34.48,
103607,Victor Estrella,173,R,100.8,3.2,2.23,78.87,52.15,34.39,13.24,11.92,4.61,7.79,41,56,97,42.27,1
103656,Albert Montanes,175,R,91.7,2.85,3.22,69.67,41.81,29.67,14.19,11.07,3.52,6.0,15,17,32,46.88,
103720,Lleyton Hewitt,180,R,144.43,6.14,4.71,98.14,54.43,37.14,22.0,15.43,5.71,10.29,5,10,15,33.33,
103781,Jurgen Melzer,183,L,107.76,4.0,3.32,83.28,53.84,36.04,14.36,12.72,4.32,7.68,15,18,33,45.45,
103794,Benjamin Becker,178,R,95.67,6.13,2.76,77.59,47.7,33.48,13.72,12.24,3.74,7.04,20,42,62,32.26,
103812,Victor Hanescu,198,R,72.0,8.0,1.0,54.5,34.0,27.5,12.0,10.0,2.0,3.0,1,1,2,50.0,
103813,Jarkko Nieminen,185,L,101.55,3.55,1.77,87.27,56.55,38.73,15.09,12.95,5.73,8.77,15,18,33,45.45,
103819,Roger Federer,185,R,104.85,8.67,1.69,78.59,49.74,39.08,16.77,13.26,2.7,3.98,259,50,309,83.82,21
103835,Filippo Volandri,183,R,95.0,0.0,0.5,67.0,51.5,32.5,8.0,11.5,4.5,8.5,0,2,2,0.0,
103843,Marco Chiudinelli,185,R,128.93,4.27,2.67,91.6,53.13,38.6,19.0,14.33,3.53,7.0,6,13,19,31.580000000000002,
103852,Feliciano Lopez,188,L,111.21,11.49,3.7,84.82,48.84,37.48,18.05,13.31,4.32,6.62,144,156,300,48.0,3
103893,Paolo Lorenzi,183,R,120.37,4.59,2.85,83.81,48.93,34.33,17.37,12.82,4.42,7.48,72,109,181,39.78,1
103898,Julien Benneteau,185,R,108.99,8.1,4.08,80.62,48.78,35.18,15.38,12.66,3.79,6.59,29,44,73,39.73,
103902,Jan Mertl,190,R,117.0,8.5,6.5,89.5,57.0,41.5,13.0,13.0,4.5,7.5,2,1,3,66.67,
103908,Paul Henri Mathieu,185,R,107.07,4.59,3.89,82.83,46.67,32.35,17.7,12.37,4.54,7.67,26,41,67,38.81,
103917,Nicolas Mahut,191,R,108.95,5.87,2.77,82.06,50.02,36.37,16.38,12.98,3.95,6.47,59,62,121,48.76,1
103926,Daniel Munoz de la Nava,178,L,120.0,3.5,4.31,84.38,48.69,32.75,17.94,13.19,6.44,10.0,3,13,16,18.75,
103970,David Ferrer,175,R,111.67,2.39,3.63,78.35,48.26,33.23,15.6,12.3,4.23,7.05,133,84,217,61.29,4
103990,Tommy Robredo,180,R,100.02,3.39,2.02,75.72,48.8,33.11,13.26,11.7,4.3,7.2,32,42,74,43.24,
103997,Lukasz Kubot,191,R,129.0,10.0,5.0,95.0,63.0,46.5,18.0,14.0,4.5,6.0,1,3,4,25.0,
104007,Andre Ghem,193,R,117.0,1.0,1.5,86.0,55.5,38.5,15.5,13.5,5.0,8.5,0,2,2,0.0,
104022,Mikhail Youzhny,183,R,104.81,3.43,3.4,79.44,47.8,32.05,15.81,11.98,4.71,7.9,43,82,125,34.4,
104095,David Guez,185,R,119.0,2.5,3.0,87.0,49.5,30.0,21.0,13.5,3.0,7.0,0,2,2,0.0,
104098,Dmitry Tursunov,185,R,102.54,3.69,3.0,85.54,54.0,35.77,14.08,12.85,5.92,10.31,2,12,14,14.29,
104112,Benjamin Balleret,185,R,131.0,4.5,1.5,93.0,59.5,39.0,18.5,16.0,8.0,13.0,4,5,9,44.440000000000005,
104117,Giovanni Lapentti,193,R,91.5,4.75,4.75,69.0,42.75,26.75,13.25,9.75,4.25,7.0,1,3,4,25.0,
104122,Carlos Berlocq,183,R,121.21,3.21,2.46,82.25,52.1,33.67,14.58,12.36,5.13,8.9,26,44,70,37.14,
104180,Gilles Muller,193,L,118.01,14.77,3.82,83.57,51.36,41.06,16.39,13.48,3.64,5.38,109,85,194,56.19,1
104198,Guillermo Garcia Lopez,188,R,110.2,3.76,3.84,79.51,45.61,32.16,16.87,12.12,4.13,7.04,81,104,185,43.78,2
104216,Maximo Gonzalez,173,R,117.2,2.6,3.13,85.27,53.13,32.27,15.6,12.2,6.53,10.73,3,12,15,20.0,
104229,Yen Hsun Lu,180,R,99.36,4.95,3.27,76.3,45.03,31.81,16.2,12.27,3.69,6.64,36,54,90,40.0,
104233,Frederik Nielsen,190,R,129.5,4.57,5.07,103.64,61.29,43.93,22.5,16.07,6.57,9.5,12,7,19,63.160000000000004,
104235,Matwe Middelkoop,191,R,123.0,15.0,9.0,123.0,63.0,47.0,30.0,14.0,15.0,16.0,2,0,2,100.0,
104251,Ti Chen,183,R,197.0,3.0,1.33,134.67,99.0,61.33,18.33,20.33,9.0,15.33,3,1,4,75.0,
104252,Florian Mayer,190,R,92.09,4.2,1.81,77.76,47.87,32.81,14.51,11.87,5.1,8.11,27,53,80,33.75,1
104259,Philipp Kohlschreiber,178,R,107.36,5.3,1.89,77.69,47.37,34.17,16.32,12.34,3.86,6.17,152,133,285,53.33,2
104268,Alejandro Falla,185,L,85.81,2.25,3.06,67.94,39.88,25.81,13.44,10.25,3.38,6.5,9,15,24,37.5,
104269,Fernando Verdasco,188,L,111.4,5.89,3.69,80.08,52.11,36.92,13.82,12.52,4.39,7.04,154,163,317,48.58,1
104273,Edouard Roger-Vasselin,185,R,109.19,4.19,2.19,81.75,54.75,35.62,13.06,13.06,3.75,8.06,8,15,23,34.78,
104291,Malek Jaziri,185,R,109.01,4.05,3.19,81.47,43.89,31.15,18.2,12.26,4.86,7.98,77,114,191,40.31,
104297,Rogerio Dutra Silva,178,R,108.33,3.59,3.57,78.2,47.02,31.7,15.16,12.08,4.52,8.05,17,46,63,26.979999999999997,
104308,Michal Przysiezny,185,R,118.75,7.75,3.25,89.0,51.5,39.25,18.25,14.25,4.5,7.5,2,7,9,22.220000000000002,
104312,Andreas Seppi,190,R,114.65,6.1,2.68,86.52,49.75,35.77,18.39,13.48,4.64,7.66,124,140,264,46.97,
104327,Steve Darcis,178,R,106.77,3.66,1.95,80.68,49.18,33.62,15.49,12.49,4.74,8.07,43,52,95,45.26,
104330,Rajeev Ram,193,R,101.15,7.15,3.12,81.18,50.97,36.79,15.09,12.62,3.94,6.59,21,27,48,43.75,
104338,Juan Monaco,185,R,105.6,2.01,1.21,75.94,55.31,35.01,10.82,11.75,4.51,7.69,38,37,75,50.67,1
104349,Rui Machado,178,R,119.5,0.0,3.5,88.0,65.0,41.5,10.5,12.5,6.5,9.5,2,3,5,40.0,
104386,Janko Tipsarevic,180,R,116.64,5.45,2.97,84.4,47.1,33.5,18.22,12.66,4.55,7.62,23,41,64,35.94,
104424,Go Soeda,178,R,113.95,3.14,1.73,82.95,48.0,32.36,16.91,13.09,4.41,8.18,10,22,32,31.25,
104433,Frank Dancevic,185,R,90.93,5.93,1.93,79.36,50.14,37.21,15.0,12.21,3.79,5.93,6,11,17,35.29,
104460,Dustin Brown,196,R,88.21,6.92,4.83,80.71,49.59,35.66,15.25,12.43,4.72,7.37,35,54,89,39.33,
104467,Lamine Ouahab,185,R,87.38,2.5,3.12,71.5,38.25,27.12,15.25,10.62,5.5,8.25,8,8,16,50.0,
104468,Gilles Simon,183,R,116.53,3.58,2.66,79.85,47.15,32.23,16.46,12.24,4.44,7.58,175,164,339,51.62,3
104471,Ivan Dodig,183,R,116.7,7.87,3.65,83.17,49.74,35.24,16.3,12.93,4.59,7.7,18,29,47,38.3,
104494,Adrian Ungur,178,R,109.38,3.08,2.77,88.69,55.54,36.62,16.46,13.23,5.54,9.08,7,10,17,41.18,
104499,Jimmy Wang,178,R,127.0,5.0,2.0,110.0,67.0,46.0,28.0,16.0,5.0,7.0,1,1,2,50.0,
104500,Somdev Devvarman,180,R,91.5,5.0,2.5,72.5,44.5,28.5,12.0,11.0,5.5,9.0,2,4,6,33.33,
104505,Konstantin Kravchuk,190,R,97.85,6.5,2.95,78.5,48.45,35.25,13.7,12.05,5.05,7.95,5,18,23,21.740000000000002,
104527,Stan Wawrinka,183,R,118.31,7.89,2.18,86.45,50.16,37.7,19.78,13.69,4.21,6.32,240,151,391,61.38,8
104534,Dudi Sela,175,R,103.93,2.83,3.28,83.01,49.85,33.23,16.57,12.99,4.57,8.29,38,55,93,40.86,
104542,Jo-Wilfried Tsonga,188,R,111.15,9.51,2.58,79.98,48.57,38.22,16.41,12.93,3.36,5.04,148,92,240,61.67,6
104545,John Isner,208,R,117.9,21.16,2.32,87.94,61.34,49.28,14.87,14.54,2.49,3.5,246,167,413,59.56,6
104547,Horacio Zeballos,188,L,109.98,6.2,2.61,81.64,51.16,36.81,16.12,12.82,3.99,6.37,40,53,93,43.01,
104548,Brian Baker,190,R,107.09,4.91,5.09,86.27,51.73,36.36,15.36,13.0,4.09,7.55,2,10,12,16.669999999999998,
104559,Teymuraz Gabashvili,185,R,109.91,4.62,3.84,82.21,47.71,33.86,16.88,12.57,5.14,8.24,30,47,77,38.96,
104563,Luca Vanni,198,R,111.29,9.76,2.71,83.29,47.9,35.29,17.67,12.95,3.71,6.33,5,18,23,21.740000000000002,
104571,Marcos Baghdatis,183,R,105.64,7.42,3.58,77.15,41.36,30.93,17.96,12.17,3.83,6.39,86,78,164,52.44,
104586,Lukas Rosol,193,R,108.3,6.7,3.64,90.07,54.48,39.23,18.1,13.9,5.26,8.01,45,67,112,40.18,
104593,Daniel Gimeno Traver,185,R,97.26,2.95,3.31,74.97,45.26,30.59,13.92,11.18,4.15,7.33,21,30,51,41.18,
104594,Marinko Matosevic,194,R,93.62,3.75,3.5,73.25,43.38,27.81,13.88,11.12,4.0,7.69,3,16,19,15.790000000000001,
104597,Nicolas Almagro,183,R,106.1,8.64,3.11,78.8,43.65,32.57,18.13,12.47,3.27,5.66,50,55,105,47.620000000000005,1
104607,Tomas Berdych,196,R,108.94,7.76,2.44,78.9,45.66,35.42,17.3,12.68,3.42,5.37,156,82,238,65.55,1
104619,Jesse Huta Galung,188,R,99.0,3.0,4.0,65.0,44.0,35.0,10.0,13.0,1.0,4.0,0,3,3,0.0,
104620,Simone Bolelli,183,R,106.78,3.46,1.19,80.32,55.58,38.14,13.56,12.54,4.42,6.85,38,46,84,45.24,
104628,Alexander Kudryavtsev,183,R,125.25,6.5,3.5,109.0,57.75,41.75,23.75,16.0,7.5,11.5,0,4,4,0.0,
104629,Adrian Menendez Maceiras,185,R,113.28,4.33,2.22,81.0,49.61,33.61,15.39,12.17,4.06,7.39,6,15,21,28.57,
104655,Pablo Cuevas,180,R,109.03,6.03,2.96,79.53,48.46,35.22,16.3,12.6,3.86,6.25,146,138,284,51.41,4
104660,Sergiy Stakhovsky,193,R,106.39,7.67,2.84,84.23,50.49,36.61,16.91,13.01,4.44,7.08,45,67,112,40.18,
104665,Pablo Andujar,180,R,114.88,1.59,3.27,78.95,51.37,33.26,13.07,11.95,4.51,8.05,65,102,167,38.92,1
104672,Vincent Millot,173,L,108.88,4.24,3.06,84.29,52.12,35.35,15.18,12.76,5.88,9.35,6,13,19,31.580000000000002,
104676,Andreas Beck,190,L,83.5,3.5,3.5,63.0,37.0,23.0,13.5,11.0,2.0,6.0,0,2,2,0.0,
104678,Viktor Troicki,193,R,105.59,8.07,2.6,80.49,50.06,36.33,14.67,12.6,4.18,6.94,106,109,215,49.3,2
104719,Marcel Granollers,191,R,103.73,4.46,1.94,72.36,45.04,31.33,13.89,11.49,3.64,6.42,53,79,132,40.150000000000006,
104731,Kevin Anderson,203,R,119.79,14.5,3.11,83.76,53.22,41.72,16.1,13.62,3.37,5.05,181,120,301,60.129999999999995,4
104735,Tobias Kamke,180,R,105.33,1.52,3.24,78.0,45.48,29.81,15.86,11.81,3.76,7.48,8,13,21,38.1,
104736,Farrukh Dustov,196,R,136.0,2.0,4.0,90.67,66.67,38.33,9.0,13.33,5.67,11.67,1,4,5,20.0,
104745,Rafael Nadal,185,L,125.32,3.57,2.07,75.42,50.14,36.37,14.46,12.39,3.39,5.18,378,93,471,80.25,28
104755,Richard Gasquet,183,R,107.83,4.61,2.48,76.44,46.23,33.1,15.63,11.96,3.81,6.28,228,181,409,55.75,6
104770,Martin Fischer,180,R,118.0,2.0,4.0,107.0,57.0,36.0,26.0,15.0,15.0,20.0,0,1,1,0.0,
104783,Mikhail Ledovskikh,188,R,36.0,0.0,2.0,35.0,23.0,8.0,3.0,6.0,4.0,10.0,0,1,1,0.0,
104792,Gael Monfils,193,R,108.28,8.04,3.87,80.81,51.17,37.38,14.83,12.8,3.82,6.13,254,157,411,61.8,6
104797,Denis Istomin,185,R,106.5,6.48,1.75,79.89,52.33,37.3,13.71,12.61,4.09,6.77,68,103,171,39.77,1
104802,Fabrice Martin,198,R,87.0,0.0,1.0,59.0,32.0,22.0,12.0,11.0,0.0,4.0,0,2,2,0.0,
104804,Amir Weintraub,188,R,97.75,1.75,2.75,83.5,52.5,33.25,14.25,13.5,3.5,8.25,2,5,7,28.57,
104810,Zhe Li,183,R,122.5,4.0,1.42,85.67,56.58,35.58,15.33,13.08,4.5,8.67,4,11,15,26.669999999999998,
104813,Grega Zemlja,183,R,144.0,13.83,4.0,104.67,56.17,46.33,26.5,17.0,2.67,4.67,3,5,8,37.5,
104822,N Vijay Sundar Prashanth,178,R,67.0,0.0,0.0,55.0,28.0,12.0,14.0,8.0,5.0,10.0,0,1,1,0.0,
104864,Alex Kuznetsov,183,R,108.0,6.0,1.0,84.0,46.0,31.5,20.5,12.5,2.5,5.5,0,2,2,0.0,
104868,James Ward,190,R,111.12,6.5,3.75,87.81,52.62,35.25,16.06,13.44,4.94,8.88,4,23,27,14.81,
104871,Jeremy Chardy,188,R,111.14,7.91,4.32,80.89,50.29,36.71,14.95,12.7,4.16,6.72,138,146,284,48.59,
104873,Aleksandr Nedovyesov,188,R,122.6,4.6,2.2,92.0,61.8,37.6,13.6,13.6,6.4,11.6,2,10,12,16.669999999999998,
104882,Blaz Kavcic,188,R,113.4,4.1,3.65,82.65,51.25,33.2,14.55,12.7,5.25,9.5,6,21,27,22.220000000000002,
104890,Andreas Haider Maurer,190,R,102.14,5.84,4.86,79.24,44.57,30.51,16.27,12.11,4.68,8.16,22,38,60,36.67,
104897,Matthias Bachinger,188,R,108.27,6.73,2.64,84.45,52.95,36.77,14.18,12.59,5.77,8.95,10,14,24,41.67,
104898,Robin Haase,191,R,107.63,7.2,2.98,83.46,48.98,35.62,17.02,13.05,4.33,7.21,101,130,231,43.72,
104905,Nicolas Barrientos,175,R,139.0,5.0,10.0,95.0,53.0,34.0,13.0,15.0,6.0,13.0,1,3,4,25.0,
104907,Jose Rubin Statham,180,R,113.8,4.2,3.2,76.2,47.7,31.6,12.5,12.6,3.6,8.0,4,13,17,23.53,
104918,Andy Murray,191,R,132.46,6.6,2.65,83.16,49.56,36.64,17.35,13.16,3.74,6.16,261,115,376,69.41000000000001,13
104919,Leonardo Mayer,188,R,116.62,6.67,3.65,82.13,50.32,37.03,16.84,13.02,3.77,6.03,89,98,187,47.589999999999996,1
104925,Novak Djokovic,188,R,122.19,5.84,2.44,78.53,51.11,38.5,15.36,12.9,3.21,4.84,527,83,610,86.39,51
104926,Fabio Fognini,178,R,112.59,3.63,4.21,82.33,48.74,33.16,16.56,12.55,4.62,7.94,239,204,443,53.949999999999996,6
104932,Kenny De Schepper,203,L,103.28,5.36,2.48,81.44,59.16,40.52,10.8,12.56,5.12,7.76,10,21,31,32.26,
104945,James Mcgee,183,R,92.0,2.0,5.0,65.0,34.5,22.0,14.0,11.0,4.5,9.0,0,4,4,0.0,
104947,Marsel Ilhan,191,R,105.52,5.48,2.33,83.96,49.56,33.89,16.22,13.11,5.0,8.89,18,24,42,42.86,
104970,Matteo Viola,188,R,67.5,0.0,5.0,58.0,37.5,18.5,5.5,8.0,2.5,8.5,0,2,2,0.0,
104978,Daniel Brands,196,R,108.93,9.86,4.71,89.57,58.29,41.43,15.29,13.79,5.0,7.64,6,11,17,35.29,
104979,Andrey Golubev,180,R,101.58,5.0,3.5,82.17,49.33,33.25,15.83,12.25,4.67,8.0,3,11,14,21.43,
104997,Igor Sijsling,191,R,94.52,4.43,3.04,81.7,47.83,32.96,15.96,12.3,4.48,7.83,7,17,24,29.17,
104999,Mischa Zverev,190,L,97.45,5.59,2.5,75.39,47.69,33.83,13.73,11.92,4.05,6.68,72,98,170,42.35,1
105011,Illya Marchenko,185,R,122.89,5.86,4.34,85.41,48.53,34.95,17.64,13.19,4.58,7.72,28,47,75,37.330000000000005,
105015,Franko Skugor,196,R,117.1,5.4,2.75,86.5,52.85,35.7,16.15,12.75,4.95,8.35,5,16,21,23.810000000000002,
105023,Sam Querrey,198,R,99.58,14.24,3.71,81.17,47.67,38.34,16.76,13.22,3.09,5.0,149,141,290,51.38,3
105030,Michael Venus,191,R,99.67,10.17,4.67,87.67,47.5,36.0,18.67,12.83,5.83,8.5,4,9,13,30.769999999999996,
105031,Saketh Myneni,193,R,147.25,11.0,5.25,110.75,61.5,41.5,20.5,16.5,9.25,15.5,1,3,4,25.0,
105032,Sam Groth,193,R,101.5,15.25,5.05,81.91,49.52,38.07,15.84,13.05,3.43,5.84,25,43,68,36.76,
105041,Lukas Lacko,185,R,98.66,7.01,2.66,79.43,46.32,33.28,16.81,12.6,3.82,6.63,27,49,76,35.53,
105047,Tim Puetz,185,R,133.0,12.0,8.0,121.0,71.0,54.0,19.0,18.0,9.0,14.0,0,1,1,0.0,
105051,Matthew Ebden,188,R,96.91,6.32,4.96,77.68,47.57,34.04,14.07,12.02,4.1,7.02,40,62,102,39.22,
105053,Santiago Giraldo,188,R,111.22,3.62,1.94,81.94,52.41,35.76,13.95,12.53,4.41,7.78,41,60,101,40.589999999999996,
105060,Aldin Setkic,191,R,108.0,3.5,5.5,92.5,61.5,34.0,16.5,11.0,11.0,15.0,0,2,2,0.0,
105062,Mikhail Kukushkin,183,R,113.0,2.83,1.35,81.37,51.69,34.14,15.27,12.23,4.9,7.97,103,146,249,41.370000000000005,
105063,Andrea Arnaboldi,180,L,114.67,3.75,3.17,89.83,51.83,34.08,18.92,13.08,6.5,10.33,4,9,13,30.769999999999996,
105064,Thomaz Bellucci,188,L,109.74,4.98,3.97,79.56,46.19,31.88,17.37,12.39,4.13,7.21,64,81,145,44.14,1
105065,Tim Smyczek,175,R,105.46,4.85,2.56,82.15,50.24,33.76,16.02,12.51,5.19,8.59,21,45,66,31.819999999999997,
105070,Hans Podlipnik Castillo,183,R,128.0,0.0,2.0,86.0,55.0,47.0,15.0,13.0,2.0,3.0,3,0,3,100.0,
105074,Ruben Bemelmans,183,L,118.79,6.09,2.98,95.51,62.26,42.6,16.79,14.45,4.98,8.17,19,37,56,33.93,
105077,Albert Ramos,188,L,119.45,3.28,2.36,80.27,50.34,34.02,15.43,12.3,4.61,7.55,208,238,446,46.64,4
105085,Artem Smirnov,188,L,140.4,3.2,2.0,99.0,61.2,37.0,16.2,14.4,5.4,10.8,0,5,5,0.0,
105091,Peter Torebko,185,R,190.0,0.0,3.0,113.0,70.0,45.0,25.0,17.0,3.0,7.0,0,1,1,0.0,
105098,Alexandre Sidorenko,185,R,94.5,3.0,6.0,72.0,44.5,31.0,14.0,10.5,4.0,6.0,1,2,3,33.33,
105099,Antonio Veic,180,R,71.0,2.0,4.0,61.0,40.0,25.0,6.0,9.0,5.0,9.0,0,1,1,0.0,
105113,Patrik Rosenholm,178,R,172.0,4.5,3.5,126.5,74.0,53.5,26.5,18.5,9.5,13.5,1,1,2,50.0,
105120,Andres Molteni,180,R,71.0,1.0,1.0,47.0,28.0,17.0,7.0,8.0,3.0,7.0,0,1,1,0.0,
105132,Jurgen Zopp,190,R,99.86,5.43,2.57,78.62,47.62,34.81,15.38,12.76,4.05,6.52,8,13,21,38.1,
105137,Pere Riba,183,R,123.0,14.0,8.0,101.0,51.0,43.0,20.0,16.0,6.0,10.0,0,3,3,0.0,
105138,Roberto Bautista Agut,183,R,115.56,3.3,1.9,78.95,51.8,36.38,14.69,12.6,3.88,6.3,348,213,561,62.029999999999994,11
105147,Tatsuma Ito,180,R,107.1,3.86,3.38,78.9,47.86,31.76,14.57,12.19,4.14,7.9,12,23,35,34.29,
105149,Reda El Amrani,185,R,124.75,6.0,7.5,99.0,57.25,43.75,18.5,14.75,4.25,7.0,2,3,5,40.0,
105154,Joao Souza,193,R,110.7,5.91,2.78,76.39,47.04,34.52,14.22,12.22,3.78,6.48,9,23,32,28.12,
105155,Pedro Sousa,180,R,95.59,2.68,3.14,74.49,50.08,32.62,10.81,11.27,4.7,8.24,13,27,40,32.5,
105156,Federico Zeballos,185,R,96.67,4.33,4.67,73.67,42.33,29.33,16.67,11.33,5.0,7.67,3,6,9,33.33,
105161,Yann Marti,173,R,133.0,0.0,6.0,108.0,68.0,40.0,18.0,15.0,11.0,18.0,0,1,1,0.0,
105163,Gleb Sakharov,185,R,88.25,4.75,2.25,66.25,39.75,28.0,10.75,10.5,4.25,8.0,1,3,4,25.0,
105166,Peter Polansky,180,R,107.15,4.31,2.92,82.27,47.5,32.35,17.54,12.19,5.19,8.35,6,20,26,23.080000000000002,
105173,Adrian Mannarino,180,L,110.7,4.74,2.48,77.3,46.66,32.63,15.75,12.08,4.04,6.79,255,265,520,49.04,5
105180,Daniel Dutra Da Silva,173,L,113.0,3.0,6.0,80.0,38.0,23.0,23.0,10.0,6.0,9.0,0,1,1,0.0,
105181,Miljan Zekic,185,R,86.67,3.67,1.67,73.0,48.33,33.0,12.33,10.0,5.67,8.33,1,2,3,33.33,
105208,Ernests Gulbis,190,R,115.53,9.12,5.37,83.0,46.48,34.58,17.29,12.92,4.76,7.66,44,74,118,37.29,
105216,Yuichi Sugita,173,R,104.88,3.7,2.59,79.52,48.35,32.98,15.23,12.19,4.5,7.73,47,72,119,39.5,1
105217,Thiemo De Bakker,193,R,113.41,8.47,2.0,87.25,51.94,37.38,15.81,13.31,4.97,8.34,10,25,35,28.57,
105223,Juan Martin del Potro,198,R,119.62,8.66,2.16,78.18,50.61,38.68,14.36,12.9,2.75,4.52,128,50,178,71.91,4
105226,Attila Balazs,180,R,117.73,3.13,4.43,84.27,48.67,32.33,18.03,12.67,5.7,9.03,14,20,34,41.18,
105227,Marin Cilic,198,R,120.21,10.69,3.33,82.16,47.73,37.42,17.78,13.35,3.66,5.71,285,172,457,62.36000000000001,7
105229,Philip Bester,188,R,81.0,3.0,2.0,71.0,50.0,36.0,7.0,9.0,6.0,8.0,0,2,2,0.0,
105238,Alexandr Dolgopolov,180,R,94.11,6.8,3.07,75.62,42.81,31.54,16.79,11.85,3.79,6.26,74,72,146,50.68,1
105254,Nikola Mektic,183,R,105.57,4.86,1.57,74.29,42.71,27.71,15.43,11.29,3.71,7.0,2,6,8,25.0,
105271,Gonzalo Escobar,178,L,94.0,2.75,3.25,68.5,46.5,31.5,12.75,10.75,3.0,5.5,4,4,8,50.0,
105273,Mauricio Echazu,174,R,182.6,3.0,4.0,110.4,77.2,49.4,15.4,17.8,7.2,12.8,5,4,9,55.559999999999995,
105281,Eric Quigley,185,R,69.0,6.0,3.0,59.0,33.0,24.0,15.0,10.0,2.0,4.0,0,1,1,0.0,
105292,Alejandro Gonzalez,190,R,95.87,2.57,2.91,74.0,45.83,28.87,12.91,11.22,4.48,8.48,8,20,28,28.57,
105302,Ante Pavic,196,R,111.0,8.67,4.0,79.67,45.67,35.33,17.0,12.67,6.67,9.33,1,4,5,20.0,
105311,Joao Sousa,185,R,110.43,4.03,2.23,80.21,49.09,34.31,15.26,12.59,4.07,7.22,164,208,372,44.09,2
105332,Benoit Paire,196,R,101.45,8.65,5.86,83.32,43.36,32.4,17.75,12.53,4.83,8.18,169,209,378,44.71,2
105334,Luis David Martinez,178,R,150.0,3.0,5.0,110.67,68.0,47.0,24.33,17.67,4.33,7.67,6,4,10,60.0,
105339,Yan Bai,185,R,147.0,7.0,0.0,92.0,53.0,38.0,21.0,16.0,6.0,10.0,1,4,5,20.0,
105341,Thomas Fabbiano,173,R,115.94,2.0,3.1,86.14,56.36,36.59,14.65,13.16,5.01,8.77,27,60,87,31.03,
105349,Harri Heliovaara,188,R,102.2,6.1,3.2,81.5,51.2,35.4,13.2,12.9,4.5,8.3,6,7,13,46.150000000000006,
105357,John Millman,183,R,117.4,4.07,1.86,84.02,52.21,35.49,16.81,12.91,4.52,7.57,119,142,261,45.59,1
105359,Jason Jung,180,R,103.21,3.42,2.76,77.64,50.36,32.88,13.85,11.82,4.67,7.82,11,24,35,31.430000000000003,
105373,Martin Klizan,191,L,114.52,4.08,3.6,79.96,48.72,33.25,15.38,12.19,4.67,7.77,85,89,174,48.85,4
105376,Peter Gojowczyk,188,R,94.71,6.82,3.98,77.6,41.86,31.06,17.14,12.03,4.03,6.86,67,87,154,43.51,1
105379,Aljaz Bedene,181,R,116.8,8.59,2.95,82.83,47.12,35.04,17.6,12.97,4.14,6.86,116,128,244,47.54,
105385,Donald Young,183,L,95.66,3.76,4.06,76.12,44.67,30.73,15.84,11.77,4.32,7.31,68,81,149,45.64,
105406,Roberto Marcora,193,R,76.86,3.0,1.29,61.71,39.0,27.57,11.86,9.57,3.14,5.14,3,4,7,42.86,
105413,Andrej Martin,183,R,113.27,2.35,2.49,79.93,51.24,32.09,14.22,11.75,5.71,9.47,25,32,57,43.86,
105430,Radu Albot,175,R,114.75,2.81,3.05,82.11,52.53,34.72,14.74,12.52,4.48,7.86,92,139,231,39.83,1
105432,Prajnesh Gunneswaran,188,L,90.73,4.84,2.38,72.38,44.92,30.97,13.49,11.54,3.84,6.95,11,28,39,28.21,
105434,Ruan Roelofse,188,R,86.5,6.0,2.5,70.5,45.5,30.5,17.0,11.5,3.5,5.0,2,3,5,40.0,
105436,Markus Eriksson,188,R,138.67,6.67,1.67,116.33,78.0,50.0,19.0,17.0,6.67,11.33,3,2,5,60.0,
105438,Inigo Cervantes Huegun,180,R,97.86,7.11,4.46,76.0,37.95,27.46,18.16,11.73,4.0,7.22,13,25,38,34.21,
105441,John Patrick Smith,188,L,96.94,5.06,1.59,76.12,51.41,33.53,12.41,12.29,3.65,7.18,5,19,24,20.830000000000002,
105449,Steve Johnson,188,R,105.9,8.03,3.09,80.9,47.59,35.6,17.41,12.69,3.77,5.89,173,167,340,50.88,4
105450,Mike Urbanija,183,R,73.0,2.0,4.0,67.0,38.0,21.0,9.0,11.0,1.0,8.0,0,2,2,0.0,
105453,Kei Nishikori,178,R,118.56,3.28,2.33,82.44,51.06,35.89,16.98,12.95,4.14,6.62,254,120,374,67.91,4
105454,Brydan Klein,183,R,104.83,7.5,5.0,82.67,48.17,35.67,14.67,12.67,3.5,6.67,1,6,7,14.29,
105464,Christopher Rungkat,175,R,87.0,5.5,2.0,61.5,37.0,26.5,15.5,10.5,4.0,5.0,5,0,5,100.0,
105477,Marco Trungelliti,178,R,120.78,4.03,3.86,88.51,51.92,34.95,17.84,13.43,5.38,9.0,15,22,37,40.54,
105487,Facundo Bagnis,183,L,108.94,4.85,3.05,77.59,48.08,32.21,14.75,11.81,4.79,7.84,41,80,121,33.879999999999995,
105493,Tomislav Brkic,185,R,147.25,8.5,3.0,120.25,81.0,58.5,18.75,18.25,4.75,8.25,3,6,9,33.33,
105497,Jose Hernandez,183,R,103.43,2.86,2.57,77.0,54.0,35.14,10.86,11.71,3.57,6.86,4,9,13,30.769999999999996,
105502,N Sriram Balaji,180,R,66.0,4.0,4.0,59.0,28.0,17.0,9.0,8.0,3.0,8.0,1,2,3,33.33,
105512,Alexander Sarkissian,191,R,87.5,5.25,2.0,66.5,37.5,24.25,15.5,10.25,4.75,8.25,2,4,6,33.33,
105526,Jan Lennard Struff,193,R,106.9,9.54,3.81,82.56,46.4,35.5,18.0,12.86,3.91,6.28,205,217,422,48.58,1
105528,Alexander Ward,185,R,113.67,4.33,4.33,102.33,64.33,42.67,15.0,15.0,9.0,14.0,0,3,3,0.0,
105539,Evgeny Donskoy,185,R,104.42,4.7,2.44,81.35,47.81,32.98,16.71,12.3,4.7,7.67,37,78,115,32.17,
105542,Bastian Trinker,191,R,63.0,3.0,3.0,63.0,41.0,30.0,8.0,10.0,2.0,5.0,1,2,3,33.33,
105550,Guido Pella,183,L,121.88,5.14,2.42,85.83,56.66,38.78,15.08,13.3,4.99,7.96,119,134,253,47.04,1
105554,Daniel Evans,175,R,123.99,4.27,2.92,82.36,49.93,35.35,16.54,12.75,4.56,7.38,143,158,301,47.510000000000005,2
105559,Jonathan Eysseric,180,L,57.0,1.0,5.0,55.0,30.0,19.0,8.0,7.0,5.0,9.0,0,1,1,0.0,
105561,Alessandro Giannessi,185,L,133.73,4.38,4.19,92.81,60.31,39.81,16.23,13.62,6.73,10.38,10,17,27,37.04,
105572,Austin Krajicek,188,L,106.91,8.41,3.36,78.68,48.14,34.73,15.77,12.18,3.73,6.09,11,21,32,34.38,
105575,Ricardas Berankis,175,R,109.08,3.49,3.16,82.95,49.21,34.01,17.01,12.71,4.32,7.48,84,106,190,44.21,
105577,Vasek Pospisil,193,R,110.16,9.29,3.37,81.3,47.8,36.07,16.34,12.69,3.84,6.22,88,113,201,43.78,
105578,Cristian Rodriguez,180,R,59.0,2.0,3.0,50.0,32.0,24.0,11.0,8.0,3.0,3.0,1,0,1,100.0,
105579,Kittipong Wachiramanowong,183,R,128.5,6.17,2.33,88.83,53.67,36.17,18.17,14.33,4.0,7.83,3,3,6,50.0,
105583,Dusan Lajovic,183,R,108.96,3.46,1.61,80.24,54.2,36.66,13.45,12.47,4.22,7.05,183,226,409,44.74,2
105585,Ze Zhang,188,R,104.95,5.21,4.63,81.89,52.79,35.47,13.58,12.53,5.05,8.26,10,16,26,38.46,
105586,Alexandar Lazov,183,L,59.0,1.0,2.0,54.0,36.0,20.0,1.0,8.0,5.0,11.0,1,3,4,25.0,
105587,Tom Kocevar Desman,180,R,59.0,2.0,1.0,45.0,28.0,22.0,11.0,8.0,1.0,2.0,1,3,4,25.0,
105589,Gerald Melzer,188,L,110.27,4.27,2.8,80.27,52.2,35.2,13.91,12.57,4.77,8.02,18,29,47,38.3,
105596,Jan Satral,185,R,118.6,8.6,4.8,99.8,55.2,39.4,19.8,14.4,8.6,12.6,1,4,5,20.0,
105613,Norbert Gombos,193,R,112.68,5.09,3.65,83.96,51.94,36.57,14.86,12.83,4.67,7.87,25,54,79,31.65,
105614,Bradley Klahn,183,L,102.44,8.74,4.5,82.15,48.97,35.62,17.32,12.76,4.03,6.5,9,25,34,26.47,
105633,Mohamed Safwat,180,R,127.05,4.85,2.95,91.45,56.75,38.7,16.95,14.0,5.2,8.8,13,19,32,40.62,
105634,Viktor Galovic,193,R,109.25,4.88,3.38,85.5,55.62,39.62,13.88,13.25,4.0,7.12,3,5,8,37.5,
105641,Blaz Rola,193,L,111.0,4.13,2.87,81.13,52.8,34.07,14.73,12.0,5.0,8.2,8,13,21,38.1,
105643,Federico Delbonis,193,L,117.02,3.53,3.63,81.13,49.8,34.04,15.72,12.5,4.58,7.69,124,151,275,45.09,1
105649,Cedrik Marcel Stebe,183,L,105.76,4.02,3.02,76.88,47.76,31.64,13.62,11.98,4.24,8.0,17,27,44,38.64,
105650,Marcus Willis,191,L,102.0,11.5,7.0,110.5,68.5,47.5,18.0,13.0,13.0,16.0,1,1,2,50.0,
105655,Hiroki Moriya,168,R,108.8,1.4,2.6,80.6,51.0,30.4,13.2,11.6,7.0,11.4,2,6,8,25.0,
105656,Marcelo Arevalo,193,R,104.36,4.45,3.45,79.09,48.82,34.73,16.73,13.0,3.64,6.0,25,5,30,83.33,
105657,Marius Copil,191,R,109.37,11.3,3.21,83.06,47.64,36.17,18.51,13.21,3.87,6.23,48,72,120,40.0,
105668,Jerzy Janowicz,203,R,114.26,9.29,4.83,90.54,57.97,42.43,15.97,14.09,4.66,7.31,31,33,64,48.44,
105671,Gastao Elias,180,R,112.54,4.19,2.93,79.0,41.98,30.05,18.49,12.28,3.89,7.04,22,36,58,37.93,
105676,David Goffin,180,R,111.92,5.42,3.13,79.67,46.65,33.37,16.52,12.4,4.25,7.05,294,200,494,59.51,4
105677,Nikola Cacic,183,R,95.0,1.0,2.5,77.0,44.5,26.5,15.0,11.5,4.0,8.0,1,1,2,50.0,
105683,Milos Raonic,196,R,109.32,15.68,3.53,77.32,49.05,40.03,15.91,13.15,2.45,3.58,211,107,318,66.35,1
105688,Manuel Sanchez,183,R,98.83,3.33,5.67,70.33,43.33,30.17,12.5,10.67,4.33,7.17,5,3,8,62.5,
105692,Alessandro Bega,173,R,104.0,4.0,3.0,70.0,47.0,33.0,9.0,12.0,1.0,5.0,0,1,1,0.0,
105723,Andrey Kuznetsov,183,R,100.82,5.14,3.12,78.06,44.25,32.25,17.1,12.37,3.8,6.6,55,59,114,48.25,
105731,Steven Diez,175,R,101.14,1.57,2.5,72.0,45.79,28.0,12.5,10.5,4.36,7.93,2,12,14,14.29,
105732,Pierre Hugues Herbert,188,R,112.55,8.36,4.02,85.42,50.96,37.39,17.26,13.2,4.16,6.72,95,114,209,45.45,
105733,Rhyne Williams,185,R,65.0,3.0,4.0,50.0,31.0,20.0,5.0,8.0,1.0,5.0,0,1,1,0.0,
105738,Tsung Hua Yang,178,R,106.0,10.0,4.0,75.0,48.0,35.0,12.0,12.0,3.0,6.0,1,1,2,50.0,
105747,Karim Mohamed Maamoun,175,R,103.0,2.0,4.5,71.67,41.33,25.5,12.67,10.5,5.5,10.0,3,6,9,33.33,
105751,Roberto Ortega Olmedo,168,R,59.0,3.0,2.0,60.0,31.0,21.0,17.0,9.0,7.0,9.0,0,1,1,0.0,
105757,Sandro Ehrat,180,R,126.0,5.25,0.5,85.5,50.5,36.75,17.25,13.25,3.5,6.25,1,4,5,20.0,
105777,Grigor Dimitrov,191,R,116.48,6.85,3.69,80.86,50.66,38.1,15.4,12.94,3.84,6.03,327,198,525,62.29,5
105790,Yong Kyu Lim,185,R,158.0,12.0,5.5,127.0,75.0,53.0,28.5,19.0,8.0,12.0,2,1,3,66.67,
105806,Mirza Basic,188,R,101.3,5.91,2.02,81.49,47.88,33.61,17.49,12.58,4.44,7.32,29,37,66,43.94,1
105807,Pablo Carreno Busta,188,R,110.82,4.13,1.83,79.42,52.37,36.47,14.33,12.45,4.2,6.67,257,188,445,57.75,7
105815,Tennys Sandgren,188,R,114.8,8.63,2.71,84.34,51.37,37.54,15.97,13.11,4.38,7.13,47,76,123,38.21,1
105819,Guido Andreozzi,183,R,116.38,3.82,4.64,81.67,49.67,33.9,14.87,12.38,5.23,8.72,12,27,39,30.769999999999996,
105827,Laurynas Grigelis,183,R,118.6,8.4,3.33,90.07,57.07,41.73,16.87,14.53,4.73,7.6,9,12,21,42.86,
105841,Lorenzo Giustino,180,R,121.0,2.62,3.75,85.12,50.12,29.88,15.25,13.12,4.5,10.38,1,7,8,12.5,
105842,Di Wu,175,R,97.8,2.9,2.2,80.1,49.25,31.15,14.4,11.85,5.5,9.55,8,17,25,32.0,
105853,Tigre Hank,188,L,79.5,0.5,2.5,60.5,40.5,22.0,7.0,9.0,4.5,9.0,0,5,5,0.0,
105870,Yannick Hanfmann,193,R,112.32,4.78,1.89,76.61,50.16,34.51,13.56,11.95,3.99,6.58,74,79,153,48.370000000000005,
105871,Sekou Bangoura,183,R,68.0,5.0,6.0,60.0,40.0,34.0,10.0,11.0,0.0,1.0,0,1,1,0.0,
105872,Christian Lindell,193,R,101.0,4.25,3.0,71.0,44.75,31.5,11.0,11.75,3.0,6.5,3,5,8,37.5,
105874,Albano Olivetti,203,R,242.0,56.0,17.0,218.0,128.0,108.0,54.0,35.0,11.0,13.0,0,1,1,0.0,
105877,Emilio Gomez,185,R,114.44,3.68,2.68,81.44,50.21,34.76,14.0,12.24,4.65,8.24,17,26,43,39.53,
105881,Matthew Barton,191,R,110.5,14.62,4.12,98.12,59.62,48.5,18.5,15.25,4.0,5.5,4,4,8,50.0,
105882,Stefano Travaglia,185,R,114.74,7.23,3.43,85.33,47.24,34.11,18.23,13.0,4.13,7.37,29,55,84,34.52,
105888,Toni Androic,168,R,127.0,2.0,2.0,105.0,54.0,36.0,27.0,14.0,5.0,8.0,0,2,2,0.0,
105899,Martin Cuevas,191,R,101.0,5.67,3.5,81.33,49.17,33.67,14.67,11.17,6.5,9.5,3,10,13,23.080000000000002,
105902,James Duckworth,183,R,114.68,7.84,2.75,86.96,49.18,35.76,19.4,13.27,4.79,7.46,59,91,150,39.33,
105905,Danilo Petrovic,203,R,94.0,5.8,4.4,73.0,44.8,28.6,11.0,9.6,8.4,12.2,2,3,5,40.0,
105906,Kevin Krawietz,188,R,72.5,6.5,3.0,67.5,43.5,35.0,11.5,10.5,3.5,4.0,1,2,3,33.33,
105911,Andrea Collarini,183,L,79.5,0.0,2.0,56.0,38.0,21.5,8.0,9.0,2.5,6.5,0,2,2,0.0,
105916,Marton Fucsovics,188,R,124.2,4.52,3.46,84.53,49.49,34.72,17.94,13.02,4.59,7.56,156,158,314,49.68,2
105917,Gianni Mina,185,R,63.5,3.5,1.0,38.5,23.0,20.5,8.0,7.0,1.5,2.0,1,1,2,50.0,
105932,Nikoloz Basilashvili,185,R,103.17,4.01,4.4,80.72,47.65,32.26,16.24,12.25,4.45,7.76,146,171,317,46.06,5
105933,Roberto Quiroz,193,L,112.44,5.62,1.94,84.0,53.31,38.81,16.81,13.31,3.5,5.56,8,11,19,42.11,
105936,Filip Krajinovic,185,R,107.43,4.61,1.91,78.86,50.63,34.52,14.41,12.17,4.52,7.41,114,119,233,48.93,
105938,Antoine Escoffier,185,R,98.0,8.0,7.0,73.0,45.0,26.0,12.0,11.0,2.0,7.0,0,1,1,0.0,
105943,Federico Gaio,178,R,106.83,5.0,4.56,77.72,42.89,30.06,16.78,11.94,5.17,8.56,3,15,18,16.669999999999998,
105948,Federico Coria,180,R,112.0,2.58,2.46,76.69,50.99,32.06,12.43,11.69,4.88,8.69,53,74,127,41.730000000000004,
105952,Renzo Olivo,178,R,116.92,3.3,4.98,84.28,50.02,33.02,16.19,12.53,5.36,9.32,21,32,53,39.62,
105954,Peter Nagy,180,R,146.67,1.0,3.67,101.67,59.33,32.33,21.33,17.0,6.33,14.0,3,4,7,42.86,
105960,Evan King,185,L,118.5,1.75,2.75,83.25,54.5,35.5,15.75,13.25,2.75,6.0,1,3,4,25.0,
105963,Arthur De Greef,183,R,105.6,4.3,2.7,79.1,46.2,30.4,15.8,12.4,4.6,8.1,3,7,10,30.0,
105967,Henri Laaksonen,185,R,110.7,6.4,3.81,84.29,49.57,35.32,17.05,12.93,4.51,7.59,44,66,110,40.0,
105985,Darian King,188,R,99.04,1.7,2.3,69.63,45.37,28.7,11.93,10.67,4.44,7.78,24,16,40,60.0,
105992,Ryan Harrison,185,R,105.68,7.93,3.3,79.94,47.43,34.91,16.67,12.54,4.23,6.61,62,72,134,46.27,1
106000,Damir Dzumhur,175,R,101.95,2.44,2.71,77.92,50.44,32.76,13.66,12.05,4.46,7.97,119,135,254,46.85,3
106005,Constant Lestienne,180,R,111.21,4.14,3.3,79.33,48.54,32.04,13.54,11.88,4.96,8.89,17,42,59,28.810000000000002,
106006,Agustin Velotti,174,R,90.0,4.5,2.0,69.0,36.0,24.0,16.5,11.0,3.0,6.0,0,2,2,0.0,
106021,Dragos Dima,180,R,60.0,1.0,1.0,47.0,25.0,18.0,13.0,8.0,2.0,3.0,2,0,2,100.0,
106026,Yuki Bhambri,185,R,109.68,2.35,3.55,84.19,54.55,35.29,14.29,12.52,4.71,8.26,16,24,40,40.0,
106031,Raymond Sarmiento,178,R,85.0,2.0,3.0,69.0,37.0,18.0,16.0,10.0,4.0,9.0,0,1,1,0.0,
106032,Facundo Arguello,178,R,78.56,1.78,2.11,58.67,37.89,22.56,9.44,9.33,2.56,6.11,1,8,9,11.110000000000001,
106033,Romain Arneodo,175,R,168.0,6.0,4.0,136.5,84.5,60.5,25.0,18.5,10.5,13.5,3,3,6,50.0,
106034,Yasutaka Uchiyama,183,R,112.86,7.24,2.27,79.92,49.05,35.57,15.62,12.73,4.16,6.84,12,27,39,30.769999999999996,
106035,Isak Arvidsson,188,R,131.8,7.6,7.0,102.2,55.4,36.4,20.6,14.8,8.2,13.6,1,4,5,20.0,
106043,Diego Schwartzman,170,R,116.1,1.96,2.94,78.54,49.72,32.66,14.34,12.1,4.5,7.86,247,217,464,53.23,4
106044,Nicolas Kicker,178,R,105.83,2.26,2.6,76.53,48.11,31.74,14.57,11.96,4.36,7.53,19,29,48,39.58,
106045,Denis Kudla,180,R,108.91,6.09,3.35,81.46,47.47,33.41,16.96,12.88,3.96,7.13,59,107,166,35.54,
106057,Facundo Mena,183,R,126.0,3.0,2.0,71.0,38.0,30.0,16.0,10.0,5.0,7.0,0,1,1,0.0,
106058,Jack Sock,191,R,116.17,6.75,4.26,85.28,50.63,37.11,18.0,13.44,3.99,6.47,139,111,250,55.60000000000001,3
106065,Marco Cecchinato,185,R,104.23,4.3,2.55,79.56,52.27,35.48,13.42,12.16,4.16,7.18,80,123,203,39.410000000000004,3
106071,Bernard Tomic,196,R,98.3,8.77,1.9,85.28,56.32,40.43,14.17,12.95,4.54,6.97,97,96,193,50.260000000000005,1
106072,Alexey Vatutin,178,R,111.89,1.0,3.44,84.44,52.33,30.67,14.67,12.33,4.0,9.0,2,7,9,22.220000000000002,
106075,Jozef Kovalik,183,R,113.39,3.44,2.73,82.14,50.48,33.71,15.74,12.51,4.83,8.12,28,53,81,34.57,
106078,Egor Gerasimov,196,R,110.78,7.7,3.56,82.83,53.62,38.55,13.97,12.82,4.04,6.75,59,54,113,52.21,
106085,Hamid Reza Nadaf,183,R,100.0,3.0,5.0,68.0,44.0,21.0,12.0,7.0,9.0,13.0,1,1,2,50.0,
106093,Benjamin Mitchell,183,R,79.0,4.0,3.0,59.0,37.0,24.0,10.0,9.0,5.0,8.0,0,1,1,0.0,
106099,Salvatore Caruso,185,R,118.86,3.32,2.78,81.65,48.65,31.78,16.21,12.27,5.17,8.81,19,44,63,30.159999999999997,
106105,Guilherme Clezar,183,R,123.9,5.8,3.4,88.5,55.1,35.5,14.2,13.3,5.6,10.3,1,9,10,10.0,
106106,George Tsivadze,191,L,99.4,1.6,4.0,90.2,55.4,30.6,13.4,12.6,7.8,14.2,1,6,7,14.29,
106109,Alex Bolt,183,L,109.19,7.31,2.83,83.48,50.33,35.23,16.65,13.23,4.44,7.69,17,31,48,35.42,
106110,Filip Horansky,175,R,88.55,2.73,1.82,70.91,45.18,28.64,13.0,11.0,3.09,6.55,2,9,11,18.18,
106120,Ricardo Ojeda Lara,180,R,85.17,1.17,0.67,67.17,46.0,27.67,11.17,9.67,3.83,6.67,3,3,6,50.0,
106121,Taro Daniel,191,R,116.29,3.91,2.61,79.05,48.98,32.91,14.82,12.21,4.43,7.76,86,142,228,37.72,1
106137,Tristan Lamasine,183,R,93.44,3.11,2.56,76.11,48.44,30.89,14.33,11.33,5.0,8.22,3,6,9,33.33,
106138,Yaraslav Shyla,191,R,112.67,6.17,2.17,89.83,60.33,44.5,14.67,14.17,5.33,7.67,3,4,7,42.86,
106148,Roberto Carballes Baena,183,R,118.02,2.7,2.75,76.3,48.23,32.4,14.21,11.79,4.23,7.28,115,143,258,44.57,2
106162,Franco Agamenone,191,R,121.25,1.0,2.75,76.75,50.25,32.5,13.0,11.25,6.0,9.5,3,2,5,60.0,
106167,Joris De Loore,191,R,111.33,9.17,2.5,84.0,50.83,38.33,17.0,13.17,3.33,5.83,1,5,6,16.669999999999998,
106174,Gonzalo Lama,180,R,102.22,2.0,2.56,70.78,45.11,32.33,13.33,11.22,3.56,5.44,6,5,11,54.55,
106175,Ricardo Rodriguez,189,R,134.59,2.35,2.0,77.82,51.65,34.71,12.65,12.76,4.29,7.76,14,8,22,63.63999999999999,
106177,Oriol Roca Batalla,175,R,118.67,10.33,3.67,95.67,56.67,41.33,20.67,13.33,6.33,8.0,1,2,3,33.33,
106184,Hong Chung,170,L,82.0,1.0,5.0,83.0,57.0,41.0,14.0,14.0,6.0,9.0,0,1,1,0.0,
106186,Jason Kubler,178,R,132.87,6.31,3.56,86.15,53.76,37.76,15.93,13.44,4.09,7.02,27,32,59,45.76,
106187,Denis Yevseyev,188,R,109.75,3.5,3.25,76.75,47.25,33.0,13.0,11.25,6.0,8.75,1,3,4,25.0,
106198,Hugo Dellien,180,R,107.94,2.01,1.89,76.83,55.21,34.54,10.15,11.67,5.21,8.96,31,59,90,34.44,
106203,Pedro Sakamoto,178,R,66.0,2.0,2.0,41.0,25.0,14.0,6.0,8.0,0.0,4.0,0,1,1,0.0,
106210,Jiri Vesely,198,L,118.02,8.55,3.94,83.46,54.21,39.44,14.73,13.21,4.16,6.58,127,148,275,46.18,2
106214,Oscar Otte,193,R,108.62,8.51,4.32,82.54,47.18,35.65,17.29,12.95,4.19,6.76,34,52,86,39.53,
106216,Bjorn Fratangelo,183,R,106.73,5.03,3.37,82.22,46.98,32.15,18.2,12.51,4.47,7.59,22,40,62,35.480000000000004,
106218,Marcos Giron,180,R,112.57,5.22,1.61,79.78,48.57,34.86,15.87,12.5,3.86,6.47,104,117,221,47.06,1
106220,Dimitar Kuzmanov,183,R,106.52,2.86,2.9,73.95,46.9,30.81,13.24,11.1,4.71,7.76,16,19,35,45.71,
106223,Aleksandre Metreveli,183,R,85.67,2.67,3.33,65.83,36.67,22.33,13.17,9.33,3.83,7.83,2,7,9,22.220000000000002,
106225,Andrew Whittington,188,R,128.4,8.8,6.8,93.2,52.2,39.8,20.8,15.0,4.6,7.6,2,3,5,40.0,
106227,Ji Sung Nam,183,R,83.0,5.25,3.5,62.75,37.75,26.25,12.75,9.75,3.0,5.25,2,5,7,28.57,
106228,Juan Ignacio Londero,180,R,114.29,3.71,2.91,82.13,50.28,34.18,16.93,12.95,4.34,7.51,35,48,83,42.17,1
106232,Roberto Cid,193,R,117.86,3.0,5.29,84.14,46.29,31.86,17.14,12.29,5.57,9.43,2,8,10,20.0,
106233,Dominic Thiem,185,R,115.57,5.8,2.82,79.74,48.78,35.9,16.48,12.72,3.7,5.88,321,186,507,63.31,15
106234,Aslan Karatsev,185,R,121.64,5.11,4.44,81.51,48.47,34.81,16.66,12.52,4.3,6.96,79,85,164,48.17,3
106243,Mate Delic,196,R,53.0,4.0,3.0,53.0,33.0,23.0,7.0,8.0,7.0,10.0,0,5,5,0.0,
106247,Nik Razborsek,173,L,143.0,8.0,4.0,116.0,77.0,53.0,20.0,17.0,7.0,9.0,1,2,3,33.33,
106249,Joao Domingues,178,R,109.17,1.42,0.67,79.08,55.0,34.25,11.17,11.5,5.42,8.67,7,7,14,50.0,
106250,Luis Patino,183,R,121.22,3.67,3.22,90.78,54.89,34.44,17.44,13.11,6.78,11.22,3,7,10,30.0,
106252,Joao Pedro Sorgi,188,R,139.5,6.0,3.5,100.5,65.0,49.0,16.5,15.0,7.5,9.5,1,2,3,33.33,
106261,Dennis Novikov,193,R,85.07,7.21,3.43,76.64,42.79,30.71,17.29,11.86,3.64,6.0,4,10,14,28.57,
106281,Liam Broady,183,L,115.69,3.69,2.69,83.78,51.14,33.69,16.02,12.67,5.02,8.65,21,34,55,38.18,
106283,Mitchell Krueger,188,R,113.42,5.13,2.52,78.16,48.81,33.55,14.71,12.19,4.29,7.16,10,21,31,32.26,
106288,Mathias Bourgue,188,R,143.17,4.0,2.17,94.83,61.83,40.67,14.67,14.33,5.17,9.67,1,5,6,16.669999999999998,
106291,Luke Saville,188,R,135.33,5.0,4.67,112.0,70.67,46.33,20.33,16.0,7.67,11.33,0,5,5,0.0,
106292,Hernan Casanova,178,R,81.0,1.0,2.0,69.0,42.0,27.0,12.0,9.0,7.0,10.0,0,1,1,0.0,
106293,Kimmer Coppejans,178,R,120.89,4.72,1.89,85.11,56.5,36.61,13.67,12.83,4.94,8.78,4,16,20,20.0,
106296,Gregoire Barrere,183,R,110.72,5.05,2.51,85.59,53.35,36.84,16.26,13.13,4.48,7.61,38,63,101,37.62,
106298,Lucas Pouille,185,R,111.91,7.93,3.87,88.23,49.37,36.34,19.76,13.53,4.56,7.25,141,125,266,53.010000000000005,5
106302,Andrew Harris,183,R,109.67,3.67,3.0,78.0,55.0,37.33,8.67,12.67,3.0,7.33,1,2,3,33.33,
106310,Alexander Ritschard,193,R,117.7,4.3,3.1,82.1,48.6,34.4,15.0,12.6,5.1,8.3,4,7,11,36.36,
106324,Vaclav Safranek,183,R,98.67,2.0,2.67,81.33,53.33,33.0,14.67,12.0,5.67,9.33,0,3,3,0.0,
106328,Christian Harrison,180,R,85.31,4.38,2.92,66.0,40.46,27.77,11.0,10.62,4.08,7.38,5,8,13,38.46,
106329,Thiago Monteiro,183,L,120.04,5.54,2.2,80.99,52.67,37.77,14.76,12.85,4.15,6.65,92,130,222,41.44,
106331,Christopher Oconnell,183,R,123.91,7.44,1.97,85.95,53.02,38.6,16.38,13.26,4.45,7.01,47,70,117,40.17,
106333,Julien Cagnina,183,R,92.0,4.0,2.0,67.0,45.0,31.0,9.0,10.0,10.0,13.0,0,1,1,0.0,
106342,Martins Podzus,188,R,132.0,10.67,3.67,100.33,61.67,43.0,19.67,15.33,4.33,7.67,4,4,8,50.0,
106348,Evgeny Karlovskiy,191,R,142.0,15.0,3.0,119.0,83.0,60.0,19.0,15.0,11.0,12.0,0,1,1,0.0,
106353,Pedja Krstin,183,R,76.0,3.6,3.2,58.2,33.2,24.0,10.6,9.2,3.6,6.6,3,2,5,60.0,
106361,Adam Pavlasek,185,R,102.73,6.87,3.27,87.4,53.73,37.2,15.47,13.47,5.0,8.67,6,9,15,40.0,
106362,Laurent Lokoli,188,R,179.0,10.17,6.0,121.5,75.0,52.0,21.5,18.67,6.5,11.17,0,6,6,0.0,
106368,Ramkumar Ramanathan,188,R,104.41,8.61,4.41,79.62,46.75,34.59,16.52,12.45,3.55,5.84,23,37,60,38.33,
106378,Kyle Edmund,188,R,109.85,5.98,2.66,80.15,47.66,34.76,16.9,12.73,3.85,6.28,120,118,238,50.42,2
106380,Gonzalo Villanueva,175,R,97.0,3.0,3.0,70.0,44.0,28.0,14.0,11.0,1.0,3.0,0,1,1,0.0,
106390,Matteo Donati,185,R,96.0,7.0,1.5,72.5,45.0,31.5,11.5,11.0,5.0,8.0,1,1,2,50.0,
106391,Adrian Bodmer,180,R,129.5,5.0,3.0,100.0,54.5,36.5,24.5,13.0,7.5,11.0,0,2,2,0.0,
106393,Frederico Ferreira Silva,178,L,90.22,2.56,2.44,65.67,40.22,26.22,12.67,10.44,3.22,6.33,4,7,11,36.36,
106397,Wishaya Trongcharoenchaikul,193,R,114.69,8.62,5.19,88.5,49.81,37.5,18.94,13.94,4.69,7.5,11,7,18,61.11,
106398,Pedro Cachin,185,R,116.28,5.38,2.25,79.25,49.94,34.53,13.9,12.46,3.68,6.82,25,47,72,34.72,1
106401,Nick Kyrgios,193,R,103.77,15.48,3.39,82.04,54.38,42.43,14.9,13.42,2.94,4.34,198,107,305,64.92,7
106408,Mario Vilella Martinez,178,R,119.9,7.9,5.8,89.3,48.8,36.2,20.3,13.4,4.9,7.4,4,6,10,40.0,
106412,Lucas Gomez,178,L,73.0,1.36,3.0,59.36,36.18,21.36,9.36,9.73,3.36,8.0,3,11,14,21.43,
106415,Yoshihito Nishioka,170,L,110.41,1.93,1.58,78.35,51.14,33.03,14.67,12.11,4.39,7.54,134,150,284,47.18,3
106420,Gianluigi Quinzi,191,L,121.8,5.8,2.4,92.8,54.2,36.2,18.8,12.8,9.8,13.0,1,4,5,20.0,
106421,Daniil Medvedev,198,R,109.11,7.98,3.69,76.87,47.18,35.55,15.21,12.27,3.51,5.52,381,156,537,70.95,20
106423,Thanasi Kokkinakis,193,R,134.02,10.84,3.22,88.12,54.5,41.48,16.79,13.66,4.28,6.46,74,90,164,45.12,1
106425,Blake Mott,180,R,94.0,7.0,2.0,72.0,48.5,31.0,10.0,11.5,2.5,7.0,0,2,2,0.0,
106426,Cristian Garin,185,R,119.47,4.27,3.19,82.04,50.22,34.86,15.75,12.67,4.65,7.73,126,113,239,52.72,5
106432,Borna Coric,188,R,118.78,6.06,2.16,78.75,49.07,35.62,15.66,12.5,3.82,6.13,216,188,404,53.47,3
108717,Francis Casey Alcantara,175,R,101.0,6.0,4.0,76.5,36.0,23.0,20.0,13.0,1.5,6.5,2,1,3,66.67,
108739,Wilfredo Gonzalez,188,R,107.6,5.0,4.4,90.0,59.8,42.2,14.8,13.8,4.0,6.8,5,4,9,55.559999999999995,
108748,Lukas Mugevicius,188,R,109.0,3.25,4.25,89.0,46.5,31.5,19.0,14.5,4.75,10.25,2,3,5,40.0,
108761,Mikelis Libietis,193,R,153.33,15.0,8.0,135.67,81.0,54.33,25.0,18.67,11.67,17.33,1,3,4,25.0,
108772,Julius Tverijonas,188,R,80.67,1.67,2.33,69.33,38.67,23.67,12.33,10.33,4.33,9.33,0,3,3,0.0,
109054,Daniel Masur,183,R,95.17,4.83,3.0,79.17,54.33,36.33,11.5,12.0,5.33,8.33,1,5,6,16.669999999999998,
109303,Stefano Napolitano,196,R,135.4,6.7,2.3,92.6,55.7,38.4,20.2,14.1,4.9,7.6,3,7,10,30.0,
109686,Riccardo Bonadio,180,R,104.33,1.33,2.33,71.67,44.67,30.33,15.33,11.0,3.67,5.67,1,2,3,33.33,
109699,Julian Lenz,188,R,66.5,3.0,3.0,54.0,27.0,15.5,11.5,8.5,2.5,7.0,0,2,2,0.0,
109734,Skander Mansouri,193,R,88.0,3.33,3.33,59.33,38.0,26.0,8.33,9.33,2.33,5.33,1,5,6,16.669999999999998,
109739,Maximilian Marterer,188,L,103.1,6.45,2.12,77.87,49.3,34.24,14.96,12.3,4.03,6.65,41,79,120,34.17,
110536,Kevin King,191,L,87.4,4.4,6.0,67.6,40.0,26.4,9.2,10.0,4.6,9.0,1,4,5,20.0,
110596,Fred Simonsson,188,R,136.0,4.0,10.0,107.0,55.0,35.0,24.0,15.0,12.0,17.0,0,1,1,0.0,
110602,Dennis Novak,183,R,107.69,4.71,2.63,82.31,53.14,35.87,14.69,12.86,4.16,7.46,26,53,79,32.910000000000004,
110686,Finn Tearney,183,R,75.0,2.33,4.33,59.67,37.0,22.0,11.0,9.67,3.67,7.33,1,4,5,20.0,
110748,Nikola Milojevic,188,R,111.83,2.83,3.25,73.92,44.67,30.25,14.0,12.0,3.75,7.25,5,7,12,41.67,
110754,David Vega Hernandez,188,R,62.0,1.0,1.0,50.0,33.0,17.0,7.0,7.0,3.0,7.0,0,1,1,0.0,
110778,Joao Menezes,185,R,60.0,4.0,3.0,53.0,40.0,22.0,7.0,9.0,2.0,6.0,0,3,3,0.0,
111153,Christopher Eubanks,201,R,111.8,11.03,3.46,86.97,59.4,43.79,14.17,13.87,3.92,6.05,41,62,103,39.81,1
111167,Ugo Nastasi,185,R,102.0,0.0,4.0,74.0,44.0,26.0,14.0,13.0,5.0,11.0,1,5,6,16.669999999999998,
111181,Pruchya Isarow,175,R,133.17,10.67,5.33,88.0,47.33,36.17,22.67,14.5,2.67,5.0,4,4,8,50.0,
111187,Kaichi Uchida,180,R,99.2,5.2,3.4,69.6,37.0,26.2,17.2,11.0,4.2,6.6,2,3,5,40.0,
111190,Zhizhen Zhang,193,R,112.91,7.09,2.03,80.49,51.11,37.01,15.2,12.74,3.44,5.77,55,59,114,48.25,
111192,Lucas Miedler,183,R,91.33,4.67,0.67,72.67,47.33,31.0,13.67,10.33,4.67,7.0,1,3,4,25.0,
111197,Jonathan Mridha,183,R,144.5,9.0,3.5,109.0,64.0,49.0,25.0,17.5,3.0,6.0,1,1,2,50.0,
111200,Elias Ymer,185,R,114.83,4.84,3.49,80.86,47.83,33.01,15.82,12.44,4.66,8.09,41,71,112,36.61,
111202,Hyeon Chung,188,R,114.82,3.52,2.79,75.42,47.11,33.2,14.16,11.98,3.75,6.48,82,67,149,55.03,1
111436,Nick Chappell,178,L,98.5,2.0,0.5,70.0,40.5,26.5,16.5,10.0,3.0,5.0,0,2,2,0.0,
111442,Jordan Thompson,183,R,121.13,6.72,1.86,80.67,49.83,35.7,15.62,12.74,4.17,6.87,141,159,300,47.0,1
111453,Mikael Torpegaard,193,R,117.29,6.14,5.43,90.0,50.14,35.71,20.57,14.57,4.57,8.29,3,7,10,30.0,
111454,Li Tu,183,R,108.0,3.62,2.5,76.88,44.0,31.12,16.62,11.62,3.88,6.75,1,9,10,10.0,
111456,Mackenzie Mcdonald,178,R,112.67,5.12,2.49,80.86,51.76,35.71,14.75,12.64,4.2,7.09,105,124,229,45.85,
111459,Arjun Kadhe,185,R,99.75,5.75,2.75,88.5,55.0,35.5,14.75,11.75,6.5,10.0,0,4,4,0.0,
111460,Quentin Halys,191,R,118.46,12.88,5.15,90.8,53.66,41.7,17.65,14.22,4.56,6.93,35,62,97,36.08,
111505,Enzo Couacaud,183,R,151.18,10.09,3.55,113.27,65.91,47.82,24.64,17.73,5.45,9.09,2,9,11,18.18,
111506,Maxime Hamou,185,R,122.0,3.0,2.67,100.33,65.33,41.33,15.67,13.67,7.33,12.33,0,3,3,0.0,
111511,Noah Rubin,175,R,105.04,4.12,3.19,85.04,51.81,34.35,17.38,12.81,5.04,8.46,8,19,27,29.630000000000003,
111513,Laslo Djere,188,R,117.35,5.56,3.33,81.16,49.05,34.75,16.22,12.43,4.38,7.08,143,149,292,48.97,2
111515,Thai Son Kwiatkowski,188,R,120.29,7.29,4.71,94.29,56.57,37.71,18.0,14.71,2.86,7.14,0,7,7,0.0,
111574,Jc Aragone,178,R,83.25,3.5,2.0,67.25,42.25,24.25,11.0,9.75,4.0,7.75,0,4,4,0.0,
111575,Karen Khachanov,198,R,117.64,7.93,2.53,82.58,51.69,38.16,16.02,13.07,3.9,6.15,276,196,472,58.47,7
111576,Sumit Nagal,178,R,113.1,1.51,2.44,77.03,53.21,32.31,11.9,11.69,5.38,9.38,13,35,48,27.08,
111577,Jared Donaldson,188,R,106.7,5.94,3.97,79.02,41.25,30.32,19.11,12.36,3.86,6.7,48,63,111,43.24,
111578,Stefan Kozlov,183,R,99.03,2.58,4.33,69.06,44.33,27.85,10.85,10.48,4.94,8.94,9,24,33,27.27,
111581,Michael Mmoh,188,R,126.13,6.1,4.01,85.57,56.51,39.15,13.6,13.22,4.84,8.04,29,41,70,41.43,
111761,Benjamin Lock,198,R,119.67,3.83,1.17,76.83,51.0,33.33,13.67,12.0,5.0,8.5,8,5,13,61.53999999999999,
111790,Brayden Schnur,193,R,114.5,7.5,3.82,90.09,59.36,40.68,14.45,13.23,5.73,9.05,4,18,22,18.18,
111794,Kamil Majchrzak,180,R,105.68,5.26,2.58,80.4,48.53,34.44,16.11,12.58,4.4,7.21,31,40,71,43.66,
111795,Filippo Baldi,183,R,93.67,4.33,3.33,73.67,46.67,29.67,15.0,11.67,5.33,8.33,0,3,3,0.0,
111797,Nicolas Jarry,201,R,122.25,9.37,2.6,84.65,53.95,40.12,16.0,13.39,3.93,6.12,116,111,227,51.1,3
111805,Seong Chan Hong,175,R,127.8,4.3,2.8,85.0,50.7,33.3,17.4,12.7,6.0,9.8,6,15,21,28.57,
111806,Fajing Sun,178,R,148.0,10.0,2.0,98.0,71.0,55.0,15.0,17.0,0.0,2.0,0,2,2,0.0,
111815,Cameron Norrie,188,L,113.92,4.82,2.78,79.14,51.59,36.38,13.92,12.45,4.21,6.73,209,156,365,57.26,5
117352,Oliver Anderson,175,R,67.0,3.0,1.0,52.0,30.0,22.0,9.0,8.0,3.0,6.0,0,1,1,0.0,
117353,Duck Hee Lee,175,R,130.67,4.33,7.33,98.0,51.33,34.0,22.67,14.0,3.67,7.67,1,2,3,33.33,
117356,Cem Ilkel,185,R,110.4,4.53,2.6,80.5,48.3,31.9,15.47,12.2,3.87,7.4,10,31,41,24.39,
117357,Omar Jasika,183,L,118.25,2.5,2.25,91.0,61.25,39.0,14.75,14.5,5.5,9.75,1,3,4,25.0,
117358,Harry Bourchier,185,R,83.5,4.5,1.5,66.5,44.5,31.0,14.0,10.0,4.5,5.5,1,1,2,50.0,
117360,Marc Polmans,188,R,145.0,4.43,4.0,100.48,66.26,43.22,15.96,15.09,6.17,10.61,6,17,23,26.090000000000003,
117361,Akira Santillan,180,R,71.11,5.11,2.67,61.44,32.89,23.0,14.67,10.0,2.11,4.67,2,7,9,22.220000000000002,
117365,Petros Chrysochos,185,R,127.17,3.0,2.83,95.33,58.33,37.67,17.17,14.83,6.5,11.67,2,6,8,25.0,
120401,Tucker Vorster,196,R,95.33,3.33,1.67,64.33,39.67,31.0,17.67,11.0,2.33,2.33,5,2,7,71.43,
120424,Yannick Maden,185,R,121.15,2.27,1.62,86.85,55.42,35.19,16.12,12.85,5.12,8.73,9,17,26,34.62,
120798,Hans Hach Verdugo,183,L,164.5,6.0,3.0,119.5,80.0,53.0,21.5,17.0,9.5,12.5,1,1,2,50.0,
121411,Moez Echargui,178,R,65.0,4.0,2.0,56.0,35.0,30.0,11.0,9.0,4.0,4.0,3,2,5,60.0,
121531,Mats Moraing,198,L,118.67,9.0,2.67,88.33,48.67,32.33,17.67,12.67,4.67,9.0,1,2,3,33.33,
121896,Gabor Borsos,193,R,97.0,2.5,1.0,76.5,48.0,32.0,15.5,12.5,4.0,7.0,1,4,5,20.0,
122078,Dmitry Popko,191,R,132.7,3.8,2.3,95.6,61.8,40.3,17.1,14.2,5.2,9.1,4,8,12,33.33,
122109,Sanjar Fayziev,188,R,118.25,6.67,3.83,93.0,54.92,36.42,16.42,13.08,5.83,10.17,2,12,14,14.29,
122298,Botic Van De Zandschulp,191,R,120.03,5.9,3.9,80.99,51.02,36.26,14.17,12.43,4.68,7.55,95,91,186,51.080000000000005,
122330,Alexander Bublik,196,R,100.89,12.28,6.75,79.54,46.69,36.0,14.72,12.4,4.01,6.46,152,150,302,50.33,4
122471,Danylo Kalenichenko,188,R,67.0,1.0,1.0,54.0,20.0,13.0,14.0,8.0,1.0,5.0,0,1,1,0.0,
122533,Nam Hoang Ly,175,R,123.86,2.14,2.14,80.71,52.14,33.29,14.86,12.29,4.0,7.43,7,3,10,70.0,
122548,Edan Leshem,183,R,88.6,2.5,2.2,63.5,40.0,27.0,12.4,10.1,2.8,5.5,5,10,15,33.33,
122554,David Jorda Sanchis,198,R,117.5,8.5,1.5,91.5,57.0,37.0,16.5,10.0,7.0,9.0,1,1,2,50.0,
122635,Alexander Merino,183,L,46.0,2.0,3.0,43.0,24.0,14.0,6.0,7.0,3.0,7.0,0,1,1,0.0,
122669,Juan Pablo Varillas,185,R,121.15,4.38,1.75,78.06,44.8,30.85,16.9,11.96,4.21,7.17,36,48,84,42.86,
123755,Daniel Elahi Galan,191,R,120.56,5.08,1.55,84.06,52.85,35.97,15.1,12.6,4.73,7.97,53,73,126,42.059999999999995,
123768,Collin Altamirano,188,R,135.0,5.0,3.0,93.0,45.0,34.0,24.0,15.0,5.0,8.0,0,1,1,0.0,
123795,Altug Celikbilek,183,R,95.28,6.06,3.78,73.33,42.72,31.17,14.83,11.56,4.61,7.11,13,9,22,59.089999999999996,
123809,Ivan Gakhov,191,L,135.0,5.0,5.0,98.25,53.25,35.5,21.25,13.5,7.0,11.0,1,3,4,25.0,
123828,Jan Choinski,196,R,133.0,4.5,2.1,101.1,69.9,46.0,15.4,14.5,8.0,11.5,2,8,10,20.0,
123896,Matija Pecotic,185,L,103.5,6.0,5.5,73.0,45.0,33.0,13.5,11.0,5.0,7.5,1,1,2,50.0,
123921,Calvin Hemery,191,R,91.4,5.6,5.4,70.0,42.2,27.3,11.5,10.7,3.3,7.0,2,9,11,18.18,
123961,Murkel Alejandro Dellien Velasco,193,R,102.75,2.0,3.25,55.75,35.0,22.75,9.0,9.75,1.0,4.25,2,4,6,33.33,
123983,Nerman Fatic,191,R,120.67,5.0,2.33,70.33,42.0,27.67,17.33,12.33,2.67,6.0,3,4,7,42.86,
124013,Eduardo Nava,180,R,117.5,3.5,4.0,86.5,48.0,26.0,18.0,12.0,9.0,14.5,0,2,2,0.0,
124014,Ernesto Escobedo,185,R,110.33,6.79,3.08,83.59,48.18,34.36,18.72,13.03,4.44,7.26,21,42,63,33.33,
124022,Chun Hun Wong,170,R,81.0,2.0,2.0,74.5,50.0,33.0,16.0,11.5,5.0,6.5,0,2,2,0.0,
124079,Pedro Martinez,185,R,125.88,2.19,3.83,81.55,53.86,35.04,13.41,12.14,4.88,8.25,68,91,159,42.77,1
124116,Sebastian Ofner,191,R,113.25,7.61,3.14,83.96,47.39,34.84,17.89,12.98,4.72,7.66,41,52,93,44.09,
124154,Sasi Kumar Mukund,185,R,85.33,2.33,1.67,60.67,36.67,23.0,9.67,9.67,4.67,8.67,0,4,4,0.0,
124186,Alexandre Muller,183,R,113.72,3.8,1.98,79.34,50.92,33.86,14.16,12.2,4.41,7.67,27,39,66,40.910000000000004,
124187,Reilly Opelka,211,R,110.39,18.23,2.91,83.77,53.52,42.44,16.62,13.54,2.96,4.33,96,92,188,51.06,4
125802,Ilya Ivashka,193,R,120.78,5.86,3.24,82.81,50.88,36.35,15.6,12.79,4.42,7.27,88,90,178,49.44,1
125803,Daniel Windahl,188,R,77.0,1.0,2.0,65.0,40.5,17.5,9.5,9.5,6.0,13.5,0,2,2,0.0,
125842,Adam Moundir,191,R,96.0,1.0,4.0,74.0,38.0,28.0,18.0,11.0,3.0,5.0,1,3,4,25.0,
126094,Andrey Rublev,188,R,107.18,7.06,2.55,78.1,47.49,35.72,15.61,12.5,3.68,5.82,336,183,519,64.74,17
126102,Nicolae Frunza,185,R,134.0,1.0,3.0,88.0,57.0,41.0,18.0,14.0,3.0,5.0,0,1,1,0.0,
126106,Ryan Peniston,180,L,110.85,4.31,3.0,75.85,47.31,33.15,14.0,11.62,4.0,6.77,6,7,13,46.150000000000006,
126107,Michael Geerts,178,R,108.0,4.0,2.0,54.5,30.5,22.0,13.0,11.0,2.5,5.5,1,2,3,33.33,
126120,Nino Serdarusic,191,R,102.4,5.5,2.8,76.7,48.2,35.6,13.6,11.5,3.8,5.9,2,8,10,20.0,
126125,Maxime Janvier,196,R,124.5,4.17,1.17,93.5,57.0,38.0,17.0,14.0,4.67,9.0,0,6,6,0.0,
126127,Benjamin Bonzi,183,R,110.82,6.52,2.33,81.23,49.38,35.71,16.24,12.75,4.21,6.76,46,60,106,43.4,1
126128,Roman Safiullin,185,R,120.33,6.75,3.18,82.16,51.31,37.67,15.67,12.94,4.25,6.72,50,57,107,46.73,
126129,Billy Harris,193,R,111.47,6.33,2.33,79.73,51.93,38.33,14.6,12.27,4.13,5.8,8,7,15,53.33,
126149,Gianluca Mager,188,R,110.75,6.76,3.15,83.98,50.93,36.34,16.61,12.88,4.92,7.68,24,35,59,40.68,
126156,Antoine Hoang,183,R,134.63,3.42,5.21,99.42,67.0,43.0,15.26,14.84,5.53,9.95,6,13,19,31.580000000000002,
126174,Youssef Hossam,178,R,72.0,3.67,2.0,59.33,36.0,25.67,12.0,9.33,2.67,5.0,2,1,3,66.67,
126177,Strong Kirchheimer,185,R,89.5,4.5,2.0,67.0,41.0,24.0,15.5,9.5,4.0,7.0,0,2,2,0.0,
126185,Evgenii Tiurnev,191,R,63.0,5.0,2.5,46.0,26.0,17.5,8.0,8.5,1.0,4.5,0,2,2,0.0,
126190,Nicolas Alvarez,185,R,123.0,3.25,3.0,85.25,55.0,34.75,15.0,12.25,6.5,10.25,7,5,12,58.330000000000005,
126197,Orlando Luz,180,R,81.0,3.0,2.5,62.0,36.5,26.5,13.5,10.0,2.0,3.5,1,1,2,50.0,
126203,Taylor Fritz,196,R,109.55,9.64,2.4,80.88,48.37,36.97,16.99,12.96,3.6,5.65,285,191,476,59.870000000000005,9
126204,Gerardo Lopez Villasenor,191,R,113.56,4.67,3.89,85.22,50.33,34.89,17.22,12.67,4.22,7.56,5,8,13,38.46,
126205,Tommy Paul,185,R,115.7,5.18,2.29,81.08,49.8,35.41,16.49,12.69,4.11,6.62,176,124,300,58.67,4
126206,Alex Rybakov,185,L,134.0,7.0,2.0,103.0,78.0,45.0,16.0,14.0,5.0,9.0,0,1,1,0.0,
126207,Frances Tiafoe,188,R,118.19,7.51,2.48,85.17,51.53,37.52,17.61,13.27,4.05,6.5,209,190,399,52.38,4
126208,Yusuke Takahashi,170,R,121.0,4.0,2.0,87.0,43.0,28.0,22.0,15.0,4.0,9.0,0,1,1,0.0,
126214,Alejandro Tabilo,188,L,108.5,6.95,2.79,77.84,49.7,36.1,13.78,12.19,4.01,6.46,58,55,113,51.33,2
126237,Gian Marco Moroni,185,R,97.75,2.75,3.25,67.75,45.0,30.0,11.5,10.75,3.75,6.25,1,3,4,25.0,
126239,Arthur Rinderknech,196,R,116.8,10.05,2.46,80.19,51.13,38.74,14.12,12.67,3.89,5.98,74,83,157,47.13,
126283,Yunseong Chung,178,R,95.0,5.0,0.5,77.0,51.5,34.0,12.5,11.5,2.5,5.5,0,2,2,0.0,
126340,Viktor Durasovic,185,R,91.75,5.2,3.2,73.0,43.55,30.05,13.15,10.9,4.35,7.6,9,18,27,33.33,
126409,Hugo Grenier,196,R,144.74,8.13,4.7,95.83,61.3,42.65,15.17,14.57,4.91,8.78,7,17,24,29.17,
126504,Andrea Pellegrino,185,R,96.33,0.67,2.0,63.33,43.67,26.0,7.33,9.67,2.33,6.33,1,2,3,33.33,
126523,Bernabe Zapata Miralles,183,R,109.46,1.96,2.12,77.12,50.21,31.05,12.67,11.74,5.0,9.07,35,62,97,36.08,
126533,Alvaro Lopez San Martin,178,R,77.0,4.0,3.0,63.0,43.0,27.0,5.0,8.0,13.0,17.0,0,1,1,0.0,
126535,Carlos Taberner,183,R,115.95,2.57,3.62,76.24,47.81,32.03,13.49,11.54,4.68,8.03,13,25,38,34.21,
126555,Tung Lin Wu,188,R,103.78,3.33,1.56,67.78,42.56,27.78,12.89,10.22,4.33,6.78,7,7,14,50.0,
126573,Thomas Fancutt,188,R,74.0,5.0,1.0,59.0,34.0,23.0,15.0,10.0,4.0,6.0,0,1,1,0.0,
126591,Jan Zielinski,180,R,53.0,2.0,1.0,38.0,27.0,17.0,1.0,7.0,4.0,8.0,0,1,1,0.0,
126609,Patrik Niklas Salminen,188,L,75.0,7.0,4.5,60.5,34.0,29.5,12.0,10.0,3.5,4.5,1,3,4,25.0,
126610,Matteo Berrettini,196,R,119.72,9.96,1.89,80.89,51.59,40.31,15.51,13.2,3.44,5.0,189,100,289,65.4,10
126612,Alexander Cozbinov,188,R,123.0,1.33,1.67,79.0,52.0,29.33,10.33,11.33,4.33,10.0,0,3,3,0.0,
126623,Alexander Erler,193,R,104.5,1.0,5.0,78.5,44.5,27.5,16.5,10.5,7.5,11.0,1,1,2,50.0,
126627,Johan Nikles,173,R,93.75,0.5,2.5,75.0,47.5,28.5,12.5,11.25,7.0,11.5,1,3,4,25.0,
126646,Tim Van Rijthoven,188,R,127.16,13.68,3.79,92.74,57.42,45.26,19.21,14.84,3.84,5.84,11,11,22,50.0,1
126652,Jay Clarke,183,R,110.46,5.23,4.08,87.54,46.69,32.31,21.62,13.0,5.46,8.69,2,11,13,15.379999999999999,
126663,Juan Pablo Ficovich,191,R,89.67,2.0,1.0,65.0,45.33,29.0,8.67,10.33,3.67,7.0,1,2,3,33.33,
126689,Tadas Babelis,185,R,75.2,3.0,3.4,74.2,44.6,27.0,14.2,10.6,4.6,8.6,0,5,5,0.0,
126762,Aleksandre Bakshi,180,L,88.33,3.33,4.0,66.0,39.67,27.0,12.0,10.0,4.33,8.0,3,1,4,75.0,
126774,Stefanos Tsitsipas,193,R,114.69,7.17,2.31,79.59,49.43,37.7,16.49,12.92,3.28,5.03,347,165,512,67.77,12
126845,Max Purcell,185,R,112.71,8.04,2.45,80.34,47.38,34.28,16.14,12.64,4.5,7.38,32,53,85,37.65,
126846,Aleksandar Vukic,188,R,112.96,9.05,1.88,82.3,49.14,36.34,16.96,12.83,3.91,6.42,41,53,94,43.62,
126939,Khumoun Sultanov,180,R,76.2,5.6,1.2,54.0,34.2,23.4,11.4,9.0,3.6,6.0,3,4,7,42.86,
126952,Soon Woo Kwon,180,R,119.45,5.11,3.34,84.37,50.78,35.69,17.1,13.15,4.39,7.34,64,72,136,47.06,2
126964,Vitaliy Sachko,188,R,95.67,3.5,2.67,67.83,44.17,28.5,10.83,10.5,4.5,8.0,0,7,7,0.0,
127123,Mateus Alves,193,R,116.0,5.0,2.0,75.0,49.0,31.0,9.0,10.0,5.0,9.0,0,1,1,0.0,
127143,Jirat Navasirisomboon,175,R,88.67,1.33,2.33,64.83,45.83,28.83,9.5,10.83,2.67,6.0,4,3,7,57.14,
127157,Daniel Altmaier,188,R,120.13,6.19,2.54,81.26,50.77,35.4,14.75,12.36,4.81,7.68,45,82,127,35.43,
127326,Ben Patael,188,R,129.0,3.0,2.0,100.0,66.0,39.0,17.0,14.0,7.0,12.0,0,2,2,0.0,
127339,Borna Gojo,196,R,117.09,11.03,3.66,83.59,54.25,40.81,14.53,13.12,3.97,6.22,20,22,42,47.620000000000005,
127760,Lukas Klein,193,R,120.37,6.93,3.11,84.67,55.19,40.19,15.44,13.59,3.56,6.0,11,19,30,36.67,
128034,Hubert Hurkacz,196,R,117.39,11.45,2.33,84.95,53.71,41.0,16.22,13.54,3.64,5.57,211,139,350,60.29,8
131905,Manuel Guinard,198,R,118.33,4.33,2.78,84.67,53.0,35.56,14.89,12.11,7.89,11.11,4,6,10,40.0,
131934,Andrea Vavassori,193,R,115.05,4.53,3.63,79.79,49.11,34.42,14.95,11.95,4.84,7.58,9,12,21,42.86,
132283,Lorenzo Sonego,191,R,122.24,6.04,1.93,79.34,52.23,37.96,13.93,12.54,3.78,5.98,143,155,298,47.99,4
132374,Jesse Flores,188,R,65.0,3.0,2.0,49.0,30.0,17.0,9.0,8.0,2.0,5.0,0,3,3,0.0,
132482,Liam Caruana,178,R,75.5,5.25,2.25,62.25,38.25,28.0,10.25,9.75,3.5,6.25,0,4,4,0.0,
132686,Nuno Borges,185,R,115.83,5.13,2.8,82.6,52.52,36.63,15.4,12.71,4.23,7.13,39,50,89,43.82,1
133018,Michail Pervolarakis,193,R,96.08,2.08,3.67,65.75,34.67,23.58,13.92,9.92,2.83,6.17,2,11,13,15.379999999999999,
133297,Yosuke Watanuki,180,R,113.28,9.03,4.18,80.26,44.0,33.51,18.08,12.41,3.87,6.18,17,22,39,43.59,
133430,Denis Shapovalov,185,L,116.2,8.37,5.64,82.56,48.84,37.25,17.31,13.19,3.99,6.11,209,172,381,54.86,3
133835,Gijs Brouwer,191,L,96.04,4.74,2.52,72.15,49.37,35.81,11.15,11.44,3.41,5.33,13,14,27,48.15,
133933,Thomas Yaka Kofi Setodji,183,R,87.0,4.75,2.25,55.0,35.0,27.0,9.5,9.25,1.5,3.0,3,1,4,75.0,
133975,Benjamin Hassan,183,R,85.88,3.62,2.75,66.12,36.81,27.56,15.88,10.56,2.81,4.38,15,10,25,60.0,
134087,Johannes Ingildsen,15,R,84.0,4.5,8.5,76.0,43.5,29.5,14.5,11.0,3.0,6.5,1,2,3,33.33,
134120,Kuan Yi Lee,178,R,124.5,5.0,2.5,82.5,54.5,37.75,16.5,13.5,5.0,8.0,2,2,4,50.0,
134217,Skyler Butts,178,R,56.0,2.0,2.0,45.0,25.0,19.0,10.0,8.0,4.0,5.0,1,0,1,100.0,
134457,Nicolas Moreno De Alboran,185,R,117.31,5.75,2.12,78.56,49.5,35.88,15.75,12.06,3.38,5.12,6,11,17,35.29,
134472,Antoine Bellier,196,L,89.46,5.69,4.08,76.0,46.54,33.85,12.85,11.23,4.23,6.77,5,8,13,38.46,
134770,Casper Ruud,183,R,111.98,5.07,2.26,76.08,49.27,35.61,14.52,12.2,3.46,5.47,256,141,397,64.48,12
134840,Raul Brancaccio,185,R,99.0,1.0,6.0,67.0,38.0,24.0,17.0,10.0,3.0,6.0,0,1,1,0.0,
134868,Tallon Griekspoor,188,R,114.08,8.26,3.25,82.84,52.75,39.36,15.47,13.05,3.75,5.87,94,96,190,49.47,2
136440,Dominik Koepfer,180,L,115.6,4.3,3.52,83.68,52.09,35.22,15.93,12.83,5.04,8.29,60,73,133,45.11,
144642,Tomas Barrios Vera,191,R,122.7,3.75,2.2,82.3,52.5,34.85,14.85,12.5,5.4,8.8,7,15,22,31.819999999999997,
144645,Zdenek Kolar,183,R,92.0,2.0,3.5,80.0,48.0,30.5,14.0,11.0,4.5,9.0,1,3,4,25.0,
144652,William Blumberg,188,R,104.0,7.0,2.0,58.0,34.0,27.0,13.0,12.0,3.0,6.0,0,1,1,0.0,
144681,Niki Kaliyanda Poonacha,191,R,63.0,8.0,0.0,52.0,33.0,27.0,13.0,10.0,0.0,0.0,1,0,1,100.0,
144684,Alex Molcan,178,L,116.51,3.47,2.52,80.94,52.83,35.16,14.48,12.45,4.76,7.85,50,45,95,52.629999999999995,
144707,Mikael Ymer,183,R,119.67,2.47,3.24,82.73,55.68,35.87,13.06,12.55,4.73,8.35,73,79,152,48.03,
144719,Jaume Munar,183,R,122.98,3.51,3.07,80.54,52.26,35.23,13.36,12.24,4.74,8.07,90,134,224,40.18,
144747,Courtney John Lock,193,R,57.0,0.0,2.5,43.5,31.0,10.0,2.0,7.5,3.0,10.0,0,3,3,0.0,
144748,Kris Van Wyk,185,R,145.0,4.5,2.5,81.0,48.5,32.0,13.5,13.0,5.5,10.0,1,3,4,25.0,
144750,Lloyd Harris,193,R,109.49,10.57,2.37,79.08,50.77,37.96,13.74,12.66,3.58,5.88,76,82,158,48.1,
144751,Rigele Te,188,R,122.0,4.5,3.0,79.0,42.0,27.5,19.5,11.0,7.0,10.5,2,4,6,33.33,
144760,Amine Ahouda,185,R,84.43,1.0,4.57,65.29,35.29,23.86,12.71,10.14,2.86,6.29,2,6,8,25.0,
144797,Carl Soderlund,188,R,96.5,1.5,2.5,69.5,41.5,26.5,12.0,11.5,3.5,8.5,1,1,2,50.0,
144807,Kenneth Raisma,193,L,88.0,4.0,2.0,74.0,54.0,39.0,13.0,12.0,5.0,6.0,0,2,2,0.0,
144814,Eero Vasa,185,R,99.17,4.67,3.17,82.67,53.67,32.83,12.5,11.5,5.17,8.83,1,6,7,14.29,
144817,Marc Andrea Huesler,196,L,116.14,8.92,2.74,84.11,50.34,37.11,17.86,13.25,3.99,6.3,32,51,83,38.550000000000004,1
144821,Genaro Alberto Olivieri,175,R,183.33,2.67,3.0,132.33,94.33,62.0,18.0,20.33,8.33,14.0,2,1,3,66.67,
144826,Aziz Dougaz,188,L,124.8,4.1,5.1,86.4,51.9,34.1,17.4,13.0,5.1,8.9,5,8,13,38.46,
144841,Christian Sigsgaard,188,R,69.5,3.0,5.5,53.5,36.5,26.0,8.0,8.5,6.0,7.5,3,4,7,42.86,
144869,Tomas Martin Etcheverry,196,R,133.78,6.1,1.78,81.4,53.38,37.75,14.31,12.63,4.13,6.58,65,72,137,47.449999999999996,
144870,Federico Agustin Gomez,191,R,90.0,7.33,4.33,62.33,32.67,23.33,13.67,9.67,4.67,7.33,1,2,3,33.33,
144895,Corentin Moutet,180,L,130.24,2.33,2.99,85.21,57.12,37.06,13.68,12.93,4.96,8.65,65,91,156,41.67,
144923,Louis Wessels,198,R,123.0,5.0,4.0,91.0,61.0,44.0,14.0,14.0,9.0,11.0,1,2,3,33.33,
144932,Kristjan Tamm,185,R,136.5,8.5,4.5,104.0,60.5,43.5,19.0,12.5,11.5,14.0,2,5,7,28.57,
144946,Rayane Roumane,193,R,74.0,11.0,3.0,55.0,34.0,30.0,9.0,10.0,1.0,3.0,0,1,1,0.0,
144949,Menelaos Efstathiou,183,R,120.0,1.67,3.33,88.0,59.33,38.0,12.67,13.67,3.67,7.67,1,4,5,20.0,
144972,Geoffrey Blancaneaux,180,R,132.0,6.0,3.4,83.4,52.0,35.4,13.6,13.4,2.4,6.8,0,6,6,0.0,
144984,Artem Dubrivnyy,183,R,72.0,2.0,1.0,68.0,43.0,20.0,12.0,10.0,3.0,9.0,0,1,1,0.0,
144985,Ergi Kirkin,180,R,74.33,3.67,3.67,65.67,34.0,21.67,15.33,10.33,3.33,7.33,2,2,4,50.0,
145001,Evan Furness,173,R,151.0,2.0,6.0,138.0,74.0,53.0,28.0,17.0,5.0,10.0,0,1,1,0.0,
200000,Felix Auger Aliassime,193,R,120.8,9.18,4.17,77.35,49.03,37.07,14.14,12.38,3.58,5.64,216,148,364,59.34,6
200005,Ugo Humbert,188,L,120.58,7.05,2.63,82.97,51.51,37.81,16.49,13.11,3.94,6.23,143,128,271,52.769999999999996,6
200008,Alexis Galarneau,180,R,130.0,4.0,4.33,78.0,47.0,31.33,13.67,12.33,2.0,6.33,2,3,5,40.0,
200031,Lucas Catarina,185,R,119.86,2.14,5.57,86.29,47.57,29.14,17.14,12.71,5.86,11.14,2,7,9,22.220000000000002,
200059,Yibing Wu,183,R,110.64,4.47,2.34,82.09,49.72,33.74,16.7,12.34,4.53,7.49,21,27,48,43.75,1
200075,Yshai Oliel,188,L,74.86,2.0,1.29,55.14,34.86,20.29,9.0,8.86,3.71,7.43,5,7,12,41.67,
200095,Nicola Kuhn,185,R,113.33,2.08,2.92,79.0,50.17,32.17,14.17,12.17,3.5,7.25,3,9,12,25.0,
200096,Dragos Nicolae Madaras,191,L,82.75,1.75,3.5,63.0,38.25,22.0,10.0,9.75,3.75,8.5,0,4,4,0.0,
200116,Camilo Ugo Carabelli,185,R,108.45,1.64,2.73,75.45,45.82,28.73,11.45,10.55,6.82,11.27,4,9,13,30.769999999999996,
200125,Mykyta Mashtakov,175,R,77.0,0.0,1.0,63.0,43.0,22.0,5.0,10.0,6.0,13.0,0,1,1,0.0,
200175,Miomir Kecmanovic,183,R,109.95,4.15,2.07,78.33,47.87,33.4,16.25,12.13,4.21,6.83,145,148,293,49.49,1
200188,Matteo Martineau,183,R,93.0,4.0,3.0,65.0,44.0,31.0,11.0,10.5,4.0,6.5,0,2,2,0.0,
200214,Alan Fernando Rubio Fierros,175,R,100.0,4.5,3.0,75.5,43.5,33.0,14.5,10.5,5.0,7.0,1,2,3,33.33,
200218,Mate Valkusz,183,R,111.0,2.43,3.86,82.86,54.0,34.86,13.57,13.43,4.57,9.0,2,7,9,22.220000000000002,
200221,Alejandro Davidovich Fokina,183,R,119.57,3.1,2.56,83.31,55.75,36.88,14.02,12.66,4.53,7.74,115,118,233,49.36,
200240,Vit Kopriva,178,R,92.61,3.06,3.5,63.67,37.22,24.89,11.39,10.11,3.17,6.83,6,12,18,33.33,
200247,Alexandar Lazarov,191,R,86.83,3.67,3.33,68.33,42.83,27.33,11.0,10.17,4.0,7.5,4,8,12,33.33,
200250,Mehluli Don Ayanda Sibanda,173,R,57.0,2.0,5.0,44.0,22.0,8.0,7.0,6.0,3.0,9.0,0,4,4,0.0,
200259,Ugo Blanchet,175,R,136.0,7.0,5.33,94.67,50.33,35.67,24.0,14.67,5.0,8.67,1,2,3,33.33,
200265,Ulises Blanch,188,R,192.0,13.0,5.0,159.0,87.0,61.0,39.0,25.0,11.0,16.0,0,1,1,0.0,
200266,Javier Barranco Cosano,180,L,154.0,2.0,4.0,111.0,71.0,49.0,23.0,16.0,7.0,10.0,0,1,1,0.0,
200267,Zizou Bergs,185,R,127.38,6.77,3.02,82.87,52.58,37.79,15.5,13.1,4.38,6.94,23,37,60,38.33,
200270,Alex Knaff,193,R,111.75,3.25,3.5,71.75,44.0,30.5,16.0,11.75,3.5,6.0,6,5,11,54.55,
200273,Hady Habib,188,R,91.43,7.29,4.14,71.14,45.14,33.86,13.29,11.57,3.14,5.57,9,7,16,56.25,
200277,Charles Broom,178,R,116.5,4.0,3.0,91.5,63.5,39.0,13.5,14.0,8.5,13.5,0,2,2,0.0,
200278,Simon Carr,183,R,89.0,3.0,4.0,60.0,38.0,28.0,8.0,10.0,1.0,3.0,1,4,5,20.0,
200279,Osgar Ohoisin,193,R,69.0,11.0,4.0,54.0,29.0,24.0,12.0,10.0,1.0,3.0,2,4,6,33.33,
200282,Alex De Minaur,183,R,115.26,3.85,2.53,77.74,45.81,32.52,16.96,12.17,3.87,6.38,254,156,410,61.95,9
200297,Aziz Ouakaa,185,R,80.0,1.5,2.5,56.0,30.5,20.5,13.5,8.5,1.5,3.5,1,1,2,50.0,
200303,Pavel Kotov,191,R,120.92,3.72,2.68,80.07,52.24,36.32,13.43,12.25,4.52,7.19,36,44,80,45.0,
200307,Tao Mu,180,R,78.0,1.0,7.0,46.0,29.0,16.0,3.0,8.0,4.0,9.0,0,1,1,0.0,
200310,Alexander Zgirovsky,191,R,59.0,1.0,2.0,54.0,39.0,17.0,7.0,7.0,3.0,8.0,0,1,1,0.0,
200318,Yu Hsiou Hsu,178,R,125.71,3.43,2.43,88.0,59.43,38.57,14.29,13.14,5.0,8.86,3,4,7,42.86,
200325,Emil Ruusuvuori,188,R,114.64,4.52,3.12,77.33,50.06,35.02,13.94,12.16,3.9,6.62,111,103,214,51.870000000000005,
200335,Felipe Meligeni Alves,185,R,110.77,5.31,1.46,76.69,51.62,36.69,11.23,11.85,4.31,6.92,5,11,16,31.25,
200336,Trent Bryde,183,R,145.0,2.0,0.0,97.0,62.0,43.0,17.0,14.0,4.0,8.0,0,1,1,0.0,
200374,Nicolas Alvarez Varona,188,R,108.0,5.67,5.67,75.67,48.67,33.67,8.67,11.0,4.67,8.67,1,2,3,33.33,
200384,Hugo Gaston,173,L,113.92,2.87,2.4,84.72,48.08,31.33,18.16,12.48,6.04,9.77,40,56,96,41.67,
200390,Kacper Zuk,183,R,103.83,4.83,3.17,81.67,50.0,35.17,14.33,11.5,6.83,9.5,3,5,8,37.5,
200416,August Holmgren,188,R,102.17,8.33,4.33,71.0,42.83,31.33,15.0,11.67,3.17,5.33,5,4,9,55.559999999999995,
200418,Karl Friberg,191,R,97.0,6.5,1.0,60.5,36.5,24.5,11.5,9.5,3.5,6.0,0,2,2,0.0,
200436,Zsombor Piros,180,R,117.75,5.0,1.75,88.92,60.83,38.25,14.0,13.08,4.92,9.0,10,7,17,58.81999999999999,
200443,Adam Walton,183,R,121.08,5.69,2.15,79.77,52.0,38.0,14.38,12.85,3.62,5.92,3,11,14,21.43,
200473,Valentin Vacherot,193,R,112.4,2.8,1.8,70.6,48.2,32.2,10.6,11.2,3.8,6.6,3,7,10,30.0,
200484,Rudolf Molleker,188,R,96.94,7.33,3.22,83.89,50.39,34.5,16.44,12.56,4.28,7.28,5,13,18,27.779999999999998,
200514,Jurij Rodionov,191,L,108.36,5.85,2.79,78.23,48.03,33.51,15.05,11.74,3.85,6.41,17,27,44,38.64,
200516,Patrick Kypson,188,R,118.22,7.33,1.78,80.0,49.78,34.78,14.78,12.44,4.33,7.22,3,6,9,33.33,
200550,Vladyslav Orlov,188,R,75.0,3.0,3.0,55.0,26.0,16.0,15.0,9.0,0.0,3.0,2,3,5,40.0,
200572,Nick Hardt,185,R,111.0,2.2,3.2,66.6,44.8,28.6,11.0,11.2,3.0,6.6,3,5,8,37.5,
200574,Alexander Donski,188,R,76.0,8.0,4.0,61.0,33.0,26.0,7.0,9.0,4.0,7.0,1,1,2,50.0,
200587,Brandon Holt,185,R,136.11,7.33,1.44,105.67,68.89,45.56,17.11,15.56,6.11,10.0,2,7,9,22.220000000000002,
200589,Sam Riffice,188,R,125.0,1.0,9.0,96.0,47.0,33.0,21.0,13.0,6.0,10.0,0,1,1,0.0,
200611,Elliot Benchetrit,193,R,102.55,3.82,3.18,77.45,42.91,28.09,16.18,12.36,3.91,8.18,2,9,11,18.18,
200615,Alexei Popyrin,196,R,119.04,9.51,3.56,86.06,52.8,39.45,16.73,13.24,4.38,6.67,94,112,206,45.629999999999995,3
200624,Sebastian Korda,196,R,112.59,7.0,2.3,79.08,49.76,35.98,15.08,12.42,3.97,6.31,126,80,206,61.17,2
200647,Sho Shimabukuro,180,R,97.88,4.88,2.5,72.25,40.12,27.88,15.25,11.5,2.12,5.38,4,8,12,33.33,
200666,Jie Cui,183,R,77.0,5.0,1.0,42.0,25.0,15.0,8.0,8.0,2.0,6.0,0,2,2,0.0,
200670,J J Wolf,183,R,109.9,6.98,3.22,75.39,43.55,31.62,15.95,11.96,4.07,6.76,45,53,98,45.92,
200672,Sergey Fomin,180,R,107.0,5.5,2.75,85.75,55.5,35.25,15.25,11.0,6.75,9.75,2,5,7,28.57,
200677,Rio Noguchi,168,R,91.0,0.5,2.5,71.5,50.0,34.5,9.5,11.5,3.5,6.5,1,1,2,50.0,
200711,Nicolas Mejia,183,R,109.78,3.33,2.22,76.0,49.56,32.11,12.22,11.33,3.44,7.0,3,13,16,18.75,
200748,Andres Andrade,180,R,85.67,2.0,2.0,56.0,34.33,25.0,11.0,9.0,2.67,4.67,2,1,3,66.67,
201995,Cayetano March,175,R,50.0,0.0,2.0,42.0,21.0,12.0,6.0,7.0,5.0,10.0,1,1,2,50.0,
202058,Thiago Agustin Tirante,185,R,119.69,3.81,1.94,78.0,51.62,35.38,13.44,12.25,3.81,6.56,8,9,17,47.06,
202065,Petros Tsitsipas,185,R,94.0,3.5,2.75,63.0,36.0,22.5,13.25,10.0,3.5,7.5,3,4,7,42.86,
202075,Adria Soriano Barrera,191,R,116.0,8.5,5.5,82.0,49.5,37.5,16.0,12.5,4.5,6.5,1,2,3,33.33,
202090,Adrian Andreev,175,R,96.17,1.0,2.33,72.0,46.17,27.83,13.17,10.5,5.17,8.67,2,7,9,22.220000000000002,
202103,Francisco Cerundolo,185,R,117.68,3.03,3.27,81.46,52.27,35.18,14.54,12.33,4.81,7.78,101,89,190,53.16,3
202104,Sebastian Baez,170,R,112.05,1.88,1.77,75.16,54.1,34.71,11.01,11.52,4.31,7.23,91,88,179,50.839999999999996,6
202122,Yuta Shimizu,163,L,60.0,1.5,3.0,48.5,26.5,18.0,10.0,7.5,1.0,3.5,1,1,2,50.0,
202130,Emil Reinberg,188,R,73.0,4.0,1.0,59.0,24.0,14.0,12.0,7.0,4.0,9.0,0,1,1,0.0,
202168,Ye Cong Mo,183,R,102.0,1.0,3.0,57.0,36.0,26.0,9.0,10.0,1.0,3.0,0,1,1,0.0,
202195,Maxime Cressy,201,R,124.34,14.38,9.27,85.16,51.17,40.33,17.7,13.6,3.38,5.13,43,58,101,42.57,1
202197,Carlos Gimeno Valero,191,R,55.0,0.0,1.0,41.0,33.0,17.0,3.0,7.0,2.0,6.0,0,1,1,0.0,
202235,Jacopo Berrettini,193,R,88.5,1.5,4.0,55.5,33.5,22.0,8.0,8.5,2.0,5.5,1,1,2,50.0,
202260,Henri Squire,196,R,80.5,8.25,2.75,61.75,40.5,34.0,10.5,10.25,1.25,2.5,1,5,6,16.669999999999998,
202261,Otto Virtanen,193,R,110.61,9.11,4.56,86.44,50.61,36.67,17.72,13.11,5.11,7.78,11,15,26,42.309999999999995,
202262,Filip Cristian Jianu,180,R,85.0,3.0,2.0,58.0,40.0,29.0,6.0,10.0,4.0,7.0,3,1,4,75.0,
202320,Beibit Zhukayev,198,R,90.0,9.5,2.0,61.0,38.62,29.12,10.25,10.0,2.62,4.5,4,5,9,44.440000000000005,
202358,Chun Hsin Tseng,175,R,101.7,2.44,3.3,73.37,42.89,28.74,14.67,11.04,4.3,7.33,8,24,32,25.0,
202378,Ignacio Carou,178,R,63.0,0.0,5.0,56.0,34.0,19.0,6.0,8.0,3.0,8.0,0,4,4,0.0,
202385,Jenson Brooksby,188,R,115.64,2.86,1.39,76.47,49.27,33.36,14.13,11.82,3.96,6.69,46,33,79,58.230000000000004,
202398,Michael Vrbensky,180,R,99.0,6.0,0.0,79.0,45.0,30.0,14.0,11.0,7.0,10.0,0,1,1,0.0,
202400,Alastair Gray,193,R,124.0,5.0,5.33,91.67,56.0,40.0,15.33,13.0,6.33,9.33,1,3,4,25.0,
205734,Thiago Seyboth Wild,185,R,119.18,5.46,3.17,81.17,49.71,34.38,15.93,12.33,4.5,7.25,33,46,79,41.77,1
206173,Jannik Sinner,191,R,118.91,5.76,2.04,77.45,46.48,34.7,16.99,12.44,3.7,5.57,268,85,353,75.92,18
206470,Cezar Cretu,188,R,172.0,9.5,4.0,103.0,62.5,40.5,21.0,15.0,6.0,9.5,2,0,2,100.0,
206499,Aleksandar Kovacevic,183,R,120.11,9.62,3.23,82.98,49.45,37.26,16.13,12.81,4.53,6.94,16,32,48,33.33,
206589,Gabi Adrian Boitan,185,R,89.33,4.67,2.0,55.33,36.0,25.33,10.0,9.33,2.33,4.67,1,2,3,33.33,
206600,Zura Tkemaladze,188,R,100.0,0.0,3.0,73.5,52.0,28.5,10.0,9.0,8.5,12.5,1,3,4,25.0,
206681,Fabian Marozsan,193,R,104.07,4.64,2.3,79.49,51.52,35.94,13.9,12.45,3.73,6.63,34,38,72,47.22,
206703,Paul Jubb,180,R,127.67,3.89,4.89,95.56,56.33,40.44,18.89,14.56,4.0,7.56,3,6,9,33.33,
206716,Lukas Hellum Lilleengen,180,R,54.0,2.0,1.0,36.0,23.0,18.0,8.0,8.0,2.0,3.0,1,1,2,50.0,
206748,Giulio Zeppieri,183,L,135.82,6.65,2.59,92.65,55.88,39.94,18.71,14.47,4.59,7.65,6,14,20,30.0,
206750,Daniil Glinka,188,L,80.0,5.0,7.0,85.0,48.0,36.0,19.0,11.0,7.0,8.0,1,1,2,50.0,
206889,Clement Chidekh,180,R,144.0,1.0,3.0,103.0,68.0,47.0,22.0,16.0,11.0,13.0,0,1,1,0.0,
206909,Brandon Nakashima,188,R,113.95,7.67,1.62,78.04,49.99,37.51,15.17,12.54,3.25,5.06,96,80,176,54.55,2
207129,Yanki Erel,178,L,125.0,2.0,7.0,82.0,47.0,37.0,20.0,15.0,1.0,3.0,1,2,3,33.33,
207134,Fitriadi M Rifqi,175,R,83.5,3.5,2.0,52.0,32.5,24.5,12.5,9.0,2.0,3.0,3,3,6,50.0,
207139,Palaphoom Kovapitukted,178,R,67.67,1.0,2.0,51.33,30.33,18.33,11.67,9.33,0.33,3.33,2,2,4,50.0,
207182,Emilio Nava,185,R,112.88,7.06,3.94,81.0,50.82,35.12,13.29,12.59,3.76,7.29,3,15,18,16.669999999999998,
207213,Duje Ajdukovic,188,R,96.71,3.86,2.0,61.14,34.14,22.93,13.14,10.14,2.21,5.5,6,10,16,37.5,
207249,Alexandros Skorilas,185,R,90.0,3.0,5.0,66.0,40.0,25.0,16.0,10.0,7.0,9.0,1,1,2,50.0,
207352,Bu Yunchaokete,185,R,113.82,7.12,1.65,71.76,41.65,31.12,16.35,11.59,3.24,5.29,10,8,18,55.559999999999995,
207411,Jesper De Jong,180,R,101.38,6.25,2.75,75.0,45.38,31.38,14.0,11.0,5.0,7.88,2,8,10,20.0,
207415,Daniel Michalski,180,R,80.75,1.0,1.5,58.0,39.0,25.0,9.5,8.75,3.25,6.0,1,3,4,25.0,
207494,Dalibor Svrcina,178,R,118.17,0.5,4.17,79.33,57.17,34.17,9.17,11.5,6.5,11.0,2,4,6,33.33,
207518,Lorenzo Musetti,185,R,115.88,3.5,2.06,77.09,49.63,34.5,14.2,12.11,3.73,6.35,134,111,245,54.690000000000005,2
207587,Martins Rocens,185,R,48.0,4.0,10.0,41.0,22.0,15.0,3.0,7.0,3.0,8.0,0,2,2,0.0,
207608,Timofey Skatov,175,R,132.07,1.79,2.71,86.29,57.71,35.71,13.79,12.21,4.64,8.36,8,9,17,47.06,
207663,Nikolas Sanchez Izquierdo,185,R,159.0,2.0,4.0,81.0,52.0,32.0,8.0,12.0,4.0,10.0,0,1,1,0.0,
207669,Robert Strombachs,191,R,99.5,3.0,2.5,78.5,48.0,32.5,13.5,10.5,5.5,8.5,4,3,7,57.14,
207678,Juan Manuel Cerundolo,183,L,110.46,2.17,3.0,75.95,49.12,31.1,12.68,11.51,4.93,8.59,17,24,41,41.46,1
207680,Facundo Diaz Acosta,183,L,124.44,2.71,3.46,78.54,49.88,33.39,14.66,12.34,4.34,7.37,18,23,41,43.9,1
207681,Francisco Comesana,178,R,149.0,7.45,3.36,101.82,63.09,44.45,19.18,15.55,5.36,9.09,4,7,11,36.36,
207686,Alexander Shevchenko,185,R,106.22,4.94,2.62,79.16,46.98,32.3,15.83,12.14,4.3,7.42,38,48,86,44.190000000000005,
207733,Jack Draper,193,L,111.79,8.17,2.95,74.42,44.12,33.98,15.31,11.86,3.63,5.48,79,51,130,60.77,2
207738,Brandon Perez,191,L,81.0,4.5,5.0,63.0,36.5,20.5,11.0,9.0,3.5,8.0,0,3,3,0.0,
207785,George Loffhagen,188,R,152.5,7.0,8.5,111.0,65.5,46.0,18.5,15.0,6.5,11.0,0,2,2,0.0,
207794,Younes Lalami Laaroussi,188,R,70.0,2.0,5.0,57.5,34.5,21.5,8.0,9.0,3.0,7.5,0,2,2,0.0,
207797,Jonas Forejtek,183,R,67.5,4.5,1.0,59.5,37.5,28.0,9.0,9.0,4.0,6.0,3,1,4,75.0,
207799,Matheus Pucinelli De Almeida,183,R,75.67,1.0,0.67,50.33,36.33,22.0,7.0,8.0,2.67,5.33,3,1,4,75.0,
207826,Siim Troost,183,R,70.0,3.0,2.0,55.0,20.0,12.0,10.0,8.0,1.0,7.0,0,1,1,0.0,
207830,Tomas Machac,183,R,115.4,5.38,2.53,82.26,51.36,35.66,15.97,12.61,4.52,7.16,49,41,90,54.44,
207834,Juan Alejandro Hernandez Serrano,175,R,106.33,1.67,2.67,60.67,37.0,20.0,9.67,10.33,3.0,8.33,1,2,3,33.33,
207925,Flavio Cobolli,183,R,116.18,5.32,3.21,82.12,45.95,32.9,18.22,12.57,4.75,7.52,41,38,79,51.9,
207985,Jacob Fearnley,183,R,128.8,5.6,4.8,90.4,54.2,40.2,19.2,14.0,3.4,5.6,2,3,5,40.0,
207989,Carlos Alcaraz,183,R,122.05,3.98,2.26,76.8,49.96,35.8,14.97,12.37,3.58,5.61,209,56,265,78.86999999999999,16
208004,Harold Mayot,180,R,114.37,5.58,2.32,82.79,51.42,35.42,15.95,12.32,4.68,7.47,7,13,20,35.0,
208010,Pablo Llamas Ruiz,188,R,110.5,2.25,0.5,76.5,51.75,35.38,12.75,11.62,4.38,6.88,4,4,8,50.0,
208013,Dane Sweeny,170,R,106.33,1.0,4.0,72.5,42.83,27.5,14.67,11.33,3.67,7.0,2,4,6,33.33,
208014,Rinky Hijikata,178,R,119.98,4.18,3.11,81.33,47.38,32.74,15.98,12.26,4.95,8.28,28,36,64,43.75,
208021,Kyrian Jacquet,178,R,105.0,1.0,2.0,89.0,60.0,32.0,14.0,14.0,10.0,16.0,0,1,1,0.0,
208028,Francisco Llanes,178,R,69.0,0.0,1.0,50.0,32.0,10.0,8.0,7.0,4.0,10.0,1,1,2,50.0,
208029,Holger Rune,188,R,113.48,5.42,3.38,77.0,47.82,34.7,15.57,12.21,3.65,5.77,143,85,228,62.72,4
208055,Ajeet Rai,188,R,111.25,7.0,4.75,79.5,41.0,27.75,16.25,11.75,4.25,8.75,1,6,7,14.29,
208057,Diego Fernandez Flores,185,R,89.0,1.0,1.0,61.0,38.0,32.0,14.0,11.0,2.0,4.0,1,0,1,100.0,
208071,Oleksii Krutykh,185,R,165.0,5.0,3.75,115.75,65.0,43.75,23.75,16.25,7.0,11.75,2,5,7,28.57,
208103,Jiri Lehecka,185,R,107.08,6.35,2.52,77.17,49.02,35.33,14.36,12.14,4.11,6.45,78,66,144,54.169999999999995,1
208117,Adam Neff,183,R,78.0,4.0,8.0,72.0,41.0,24.0,12.0,8.0,7.0,11.0,0,1,1,0.0,
208118,Eliot Spizzirri,183,R,95.33,4.0,4.0,68.67,40.33,26.0,12.33,11.0,3.67,8.0,1,3,4,25.0,
208134,Luca Nardi,185,R,109.8,2.8,3.17,76.53,48.7,32.23,12.87,11.7,4.3,7.73,7,24,31,22.58,
208144,Giles Hussey,185,L,87.0,2.0,3.0,62.0,40.5,31.5,10.5,11.5,2.0,4.5,1,1,2,50.0,
208169,Titouan Droguet,191,R,149.0,11.0,4.0,110.0,66.75,47.5,20.25,16.75,5.0,9.0,1,3,4,25.0,
208182,Saba Purtseladze,191,R,114.5,6.5,1.25,74.5,43.0,30.75,16.0,11.5,2.25,4.25,2,3,5,40.0,
208210,Chris Rodesch,198,R,93.75,7.5,2.75,64.75,46.75,32.75,10.25,10.25,3.25,5.0,4,3,7,57.14,
208223,Alvaro Guillen Meza,175,R,216.0,2.0,5.0,116.0,88.0,53.0,15.0,17.0,7.0,12.0,1,1,2,50.0,
208230,Alibek Kachmazov,185,R,114.67,4.89,2.67,70.67,38.78,26.56,15.56,11.22,3.0,6.44,4,5,9,44.440000000000005,
208233,Mattia Bellucci,175,L,123.43,9.93,3.07,84.43,52.93,38.79,16.57,13.0,5.14,7.64,6,9,15,40.0,
208260,Zachary Svajda,175,R,123.82,3.86,2.27,88.55,57.45,38.27,15.45,13.77,4.95,8.82,6,16,22,27.27,
208278,Shintaro Mochizuki,175,R,104.56,2.67,3.22,72.72,40.72,26.5,14.44,11.17,4.17,8.11,3,19,22,13.639999999999999,
208279,Alejandro Moro Canas,183,R,116.33,2.67,1.33,90.67,66.33,42.67,11.33,11.67,6.33,9.33,1,2,3,33.33,
208286,Matteo Arnaldi,185,R,128.35,6.49,3.4,85.95,49.32,34.63,18.71,12.91,4.68,7.5,48,44,92,52.17,
208300,Omni Kumar,173,L,86.0,2.8,2.4,59.8,32.2,22.0,13.8,9.8,2.4,5.2,2,3,5,40.0,
208353,Francesco Maestrelli,196,R,116.0,9.0,1.0,69.0,50.0,33.0,9.0,12.0,4.0,8.0,0,1,1,0.0,
208361,Gustavo Heide,191,R,123.0,5.33,2.33,85.5,49.33,33.5,20.33,12.83,5.83,8.67,3,5,8,37.5,
208363,Mariano Navone,178,R,116.32,2.42,2.16,75.37,48.76,31.0,12.79,11.37,4.97,8.61,18,24,42,42.86,
208364,Franco Roncadelli,185,L,116.5,1.0,2.0,80.25,59.0,35.25,10.25,10.25,6.25,9.5,3,4,7,42.86,
208485,Kiranpal Pannu,185,R,107.8,4.0,4.0,70.8,45.2,31.8,10.0,10.2,4.8,7.8,1,6,7,14.29,
208502,Dominic Stricker,183,L,111.98,9.13,3.02,81.79,46.6,35.94,17.98,13.11,3.34,5.64,24,25,49,48.980000000000004,
208659,Giovanni Mpetshi Perricard,203,R,107.41,18.06,5.47,85.38,55.0,43.97,15.97,13.84,3.38,4.91,19,15,34,55.879999999999995,2
208819,Max Hans Rehberg,183,R,116.5,0.5,4.25,76.75,50.0,32.25,10.25,12.25,3.5,8.0,0,4,4,0.0,
208843,Jerome Kym,198,R,109.5,7.0,4.0,79.5,53.0,36.0,15.0,12.5,5.0,7.0,2,1,3,66.67,
208852,Stefanos Sakellaridis,196,R,106.5,4.5,1.0,77.75,46.75,31.25,15.0,11.25,6.0,8.75,1,3,4,25.0,
208859,Francesco Passaro,180,R,107.06,4.28,3.39,73.67,45.56,30.78,14.39,11.28,3.39,6.39,6,12,18,33.33,
208882,Roman Andres Burruchaga,183,R,123.67,2.0,3.67,85.67,53.0,35.33,12.0,12.33,7.67,12.33,1,3,4,25.0,
208937,Kasidit Samrej,191,R,114.0,5.5,7.5,78.5,42.5,29.5,14.0,12.5,4.0,9.0,3,4,7,42.86,
209070,Arthur Cazaux,183,R,131.36,9.36,2.57,87.93,50.14,38.07,18.61,13.57,3.86,6.18,11,18,29,37.93,
209080,Blaise Bicknell,191,R,90.0,2.5,3.75,69.0,44.75,30.5,12.5,10.0,5.0,6.75,6,3,9,66.67,
209098,Hamad Medjedovic,188,R,110.89,9.27,3.35,77.38,50.78,37.76,13.65,12.41,3.78,5.7,21,18,39,53.849999999999994,1
209113,Gabriel Diallo,203,R,128.7,9.0,3.4,87.85,58.2,40.7,13.8,13.2,4.05,6.95,11,15,26,42.309999999999995,
209120,Yassine Dlimi,191,R,126.5,0.0,8.0,81.0,46.0,31.0,17.5,11.0,6.0,9.0,2,2,4,50.0,
209147,Vilius Gaubas,178,R,112.0,2.0,4.0,79.5,54.0,39.0,12.0,12.5,5.5,8.0,2,5,7,28.57,
209209,Filip Misolic,180,R,112.6,3.67,2.4,78.27,46.0,32.07,15.73,11.73,5.13,8.2,9,9,18,50.0,
209259,Arthur Fery,175,R,177.5,4.0,2.0,134.0,84.0,50.0,26.5,19.5,9.5,16.5,0,2,2,0.0,
209260,Luciano Darderi,183,R,110.1,5.54,2.48,77.86,45.02,31.84,16.62,11.78,4.28,6.92,26,28,54,48.15,1
209262,Tristan Schoolkate,183,R,152.2,11.4,5.8,107.2,62.0,47.2,20.6,17.4,4.2,8.4,1,4,5,20.0,
209263,Matteo Gigante,180,L,86.33,1.33,3.33,58.67,32.0,20.33,11.0,8.0,7.33,11.0,1,2,3,33.33,
209278,Alec Beckley,183,R,75.0,2.0,1.0,56.0,33.0,22.0,10.0,9.0,2.0,5.0,0,2,2,0.0,
209279,Terence Atmane,193,L,113.0,7.77,3.85,77.31,45.77,32.77,14.77,11.69,4.62,7.38,4,10,14,28.57,
209284,Elmer Moller,183,R,138.0,2.0,10.0,78.0,36.0,31.0,23.0,14.0,4.0,6.0,4,2,6,66.67,
209405,Daniel Rincon,185,L,104.67,3.0,5.33,64.67,34.33,22.33,13.67,10.0,2.67,6.67,0,3,3,0.0,
209406,Abedallah Shelbayh,180,L,92.86,4.14,3.5,69.21,40.64,27.21,12.79,10.07,4.57,7.64,3,11,14,21.43,
209409,Coleman Wong,191,R,93.1,7.8,2.0,63.8,38.8,29.0,10.7,9.8,3.2,5.3,7,8,15,46.67,
209414,Luca Van Assche,178,R,126.18,3.97,3.08,82.07,49.82,33.85,16.08,12.53,5.13,8.38,22,39,61,36.07,
209857,Leandro Riedi,191,R,95.1,4.5,3.6,73.5,44.6,30.6,15.8,11.2,3.2,5.5,3,8,11,27.27,
209860,Ignacio Buse,185,R,114.5,1.5,1.0,75.5,52.0,36.5,10.0,12.5,3.0,5.5,2,2,4,50.0,
209863,Leo Borg,183,R,91.0,2.29,3.14,66.43,41.57,27.43,11.57,10.29,3.43,6.57,2,9,11,18.18,
209871,Amr Elsayed Abdou Ahmed Mohamed,185,R,78.0,2.5,1.5,57.5,36.0,27.5,11.5,10.0,2.5,3.5,3,5,8,37.5,
209874,Maks Kasnikowski,180,R,173.0,7.5,3.5,116.0,69.5,44.0,22.5,16.0,7.0,11.5,2,2,4,50.0,
209890,Mili Poljicak,185,R,185.5,4.0,3.5,122.5,62.0,42.5,28.0,14.5,11.0,15.5,0,2,2,0.0,
209903,Lukas Neumayer,183,R,128.67,0.67,3.67,87.0,53.33,37.33,17.0,14.33,3.33,7.33,3,2,5,60.0,
209907,Viacheslav Bielinskyi,71,R,78.0,1.0,4.0,59.0,32.0,20.0,11.0,8.0,7.0,11.0,1,2,3,33.33,
209916,Marko Topo,185,R,94.6,2.0,3.8,70.2,37.6,24.2,13.2,10.4,5.0,9.4,0,5,5,0.0,
209920,Raphael Collignon,191,R,97.33,3.33,7.67,68.0,45.0,32.67,10.67,11.33,5.0,8.0,0,3,3,0.0,
209931,Lukas Pokorny,191,R,24.0,3.0,0.0,25.0,14.0,10.0,5.0,4.0,2.0,3.0,1,0,1,100.0,
209943,Ilya Snitari,188,R,107.0,0.5,3.0,76.5,41.0,20.5,12.5,9.0,8.0,15.0,0,2,2,0.0,
209950,Arthur Fils,185,R,111.54,6.59,3.45,77.9,47.42,35.62,15.08,12.19,3.82,5.95,63,46,109,57.8,3
209976,Dino Prizmic,188,R,130.0,2.0,3.0,71.56,43.89,29.0,12.44,11.11,3.44,7.33,3,8,11,27.27,
209992,Juncheng Shang,180,L,123.21,4.13,2.54,83.0,51.92,35.95,16.46,12.82,4.59,7.34,29,33,62,46.77,1
210012,Henrique Rocha,180,R,108.0,2.8,3.4,68.8,38.2,22.6,16.8,11.4,3.0,6.8,3,3,6,50.0,
210025,Branko Djuric,188,R,62.0,9.0,2.0,53.0,32.0,20.0,8.0,8.0,3.0,7.0,0,1,1,0.0,
210039,Orel Kimhi,173,R,93.0,0.0,1.0,67.0,48.0,34.0,8.0,9.0,2.0,3.0,0,1,1,0.0,
210053,Luka Mikrut,188,R,100.0,0.0,2.0,59.0,21.0,13.0,20.0,10.0,1.0,5.0,0,1,1,0.0,
210097,Ben Shelton,193,L,126.13,10.13,3.88,88.37,58.56,44.55,15.89,14.08,4.16,5.93,70,53,123,56.910000000000004,2
210107,Bor Artnak,193,R,110.5,1.0,3.0,79.5,52.0,29.0,14.5,10.5,9.5,14.0,2,4,6,33.33,
210119,Andrej Nedic,185,R,127.0,2.0,6.0,98.0,52.0,36.0,20.0,9.0,18.0,20.0,0,3,3,0.0,
210136,Mark Lajal,191,R,111.2,7.8,2.2,74.0,49.2,34.8,13.0,12.4,1.8,4.2,2,5,7,28.57,
210150,Jakub Mensik,193,R,124.85,10.63,3.91,89.24,52.13,38.87,17.8,13.37,4.52,7.11,28,21,49,57.14,
210178,Juan Carlos Prado Angelo,185,R,77.0,4.0,3.0,47.0,23.0,17.0,14.0,9.0,0.0,1.0,1,2,3,33.33,
210200,Yanaki Milev,180,R,122.33,3.0,6.0,80.33,48.0,32.0,14.0,12.0,4.67,8.33,2,2,4,50.0,
210202,Rodrigo Pacheco Mendez,188,L,93.25,2.88,3.12,63.62,40.88,25.38,12.38,9.75,2.0,5.0,3,6,9,33.33,
210220,Edas Butvilas,191,R,97.0,8.0,4.0,76.0,39.0,29.0,20.0,11.0,3.0,4.0,1,4,5,20.0,
210262,Jaime Faria,188,R,110.0,6.5,3.0,76.0,46.5,31.0,15.0,11.5,6.0,9.5,0,4,4,0.0,
210274,Sebastian Dominko,203,L,92.0,11.33,3.33,76.67,47.33,36.67,15.33,12.0,2.67,4.33,1,4,5,20.0,
210312,Oliver Ojakaar,191,R,92.0,4.5,3.5,44.5,28.0,25.0,9.0,8.0,1.0,1.0,2,0,2,100.0,
210317,James Mccabe,188,R,113.25,6.25,1.75,76.75,46.75,31.0,13.25,11.75,3.25,7.25,0,4,4,0.0,
210319,Ethan Quinn,191,R,105.75,5.0,2.5,75.5,46.62,32.38,12.62,11.25,4.5,7.25,2,6,8,25.0,
210340,Philip Sekulic,191,R,138.67,3.67,2.67,85.67,54.67,36.67,14.0,13.33,6.67,11.0,1,2,3,33.33,
210382,Maximus Jones,185,R,77.0,3.0,14.0,71.0,33.0,22.0,12.0,8.0,7.0,12.0,0,1,1,0.0,
210460,Nishesh Basavareddy,180,R,108.33,6.67,3.0,75.33,47.67,35.0,12.67,11.67,6.67,9.0,1,2,3,33.33,
210464,Darwin Blanch,185,L,72.0,1.5,1.5,54.0,40.0,20.0,5.0,7.5,5.0,10.0,0,2,2,0.0,
210494,Theo Papamalamis,183,R,64.0,1.0,2.0,58.0,27.0,13.0,14.0,8.0,6.0,10.0,0,1,1,0.0,
210506,Alex Michelsen,193,R,111.82,4.63,2.29,79.33,53.69,37.37,13.28,12.24,3.97,6.41,41,38,79,51.9,
210530,Learner Tien,180,L,111.08,3.58,2.25,85.08,56.75,36.58,14.17,13.08,6.67,10.42,6,6,12,50.0,
210535,Maxim Shin,191,R,49.0,2.0,4.0,33.0,19.0,8.0,4.0,7.0,1.0,6.0,0,1,1,0.0,
210686,Michael Agwi,193,R,95.25,6.0,2.75,63.5,41.5,27.75,10.75,10.0,2.75,5.25,2,3,5,40.0,
210696,Alexander Blockx,191,R,98.67,5.0,2.0,70.0,46.0,32.0,10.0,11.0,4.0,7.0,0,3,3,0.0,
210721,Iliyan Radulov,187,R,67.0,1.0,1.0,42.0,25.0,20.0,8.0,8.0,2.0,3.0,1,0,1,100.0,
211346,Andres Martin,183,R,69.75,3.5,0.75,52.5,33.25,23.0,8.0,9.0,3.75,6.75,1,3,4,25.0,
211451,Gilles Arnaud Bailly,180,R,134.0,1.5,3.0,95.0,63.5,41.0,16.0,13.0,8.0,11.5,0,2,2,0.0,
211663,Joao Fonseca,185,R,102.15,4.75,1.65,71.75,47.1,33.25,13.75,11.25,3.0,5.15,12,8,20,60.0,1
211902,Henry Searle,193,L,107.0,8.5,4.5,88.0,51.5,36.5,16.0,13.5,6.0,9.5,0,2,2,0.0,
212021,Martin Landaluce,191,R,111.0,3.33,3.67,69.83,41.0,27.17,13.17,11.17,3.33,7.17,1,6,7,14.29,
212044,Yi Zhou,193,R,104.5,5.1,2.1,69.3,40.5,28.2,15.1,11.4,3.4,6.5,4,7,11,36.36,
212063,Matej Dodig,188,R,109.5,3.0,5.0,83.5,53.0,37.5,13.5,11.0,8.0,9.5,2,1,3,66.67,
212082,Joel Schwaerzler,188,L,91.5,3.0,1.0,57.0,35.5,20.5,11.0,9.0,2.5,5.5,0,2,2,0.0,
